order_id,order_date,region,category,product,channel,quantity,unit_price,amount
1,2025-11-24,West,Apparel,T-Shirt,online,10,17.35,173.5
2,2025-10-07,West,Grocery,Coffee Beans,online,11,13.43,147.73
3,2025-11-05,West,Home,Towel Set,store,8,27.22,217.76
4,2025-03-23,South,Apparel,T-Shirt,online,6,18.82,112.92
5,2025-02-22,West,Electronics,Headphones,store,4,79.82,319.28
6,2025-10-02,West,Grocery,Coffee Beans,store,13,14.46,187.98
7,2025-04-09,West,Home,Lamp,online,2,36.24,72.48
8,2025-07-14,South,Home,Lamp,store,5,33.98,169.9
9,2025-12-26,West,Home,Towel Set,online,12,27.06,324.72
10,2025-11-24,East,Apparel,T-Shirt,online,6,18.58,111.48
11,2025-07-25,East,Apparel,T-Shirt,store,8,17.81,142.48
12,2025-03-15,East,Apparel,Jacket,store,7,92.54,647.78
13,2025-07-05,East,Grocery,Coffee Beans,online,3,14.51,43.53
14,2025-11-18,West,Grocery,Olive Oil,online,15,11.86,177.9
15,2025-05-09,West,Electronics,Phone Case,store,6,24.64,147.84
16,2025-02-27,East,Grocery,Coffee Beans,store,3,14.66,43.98
17,2025-09-17,South,Home,Blender,store,1,60.55,60.55
18,2025-11-03,West,Electronics,Laptop,store,9,933.05,8397.45
19,2025-01-30,Northeast,Electronics,Laptop,store,3,927.41,2782.23
20,2025-03-07,Northeast,Home,Lamp,store,4,36.63,146.52
21,2025-06-09,South,Grocery,Olive Oil,store,4,11.55,46.2
22,2025-02-02,Northeast,Home,Towel Set,online,1,26.62,26.62
23,2025-04-28,West,Electronics,Headphones,online,0,79.11,0.0
24,2025-09-06,East,Grocery,Coffee Beans,store,4,14.43,57.72
25,2025-02-18,West,Grocery,Pasta,store,1,3.47,3.47
26,2025-12-11,West,Electronics,Headphones,store,4,81.37,325.48
27,2025-04-08,East,Grocery,Coffee Beans,store,2,13.95,27.9
28,2025-08-15,Northeast,Electronics,Laptop,online,4,941.16,3764.64
29,2025-03-27,Midwest,Home,Lamp,online,1,33.83,33.83
30,2025-07-19,Midwest,Apparel,Jeans,store,5,46.34,231.7
31,2025-04-22,Northeast,Electronics,Phone Case,store,8,22.94,183.52
32,2025-09-15,Northeast,Home,Blender,online,2,61.07,122.14
33,2025-11-01,West,Home,Lamp,online,11,36.55,402.05
34,2025-11-01,West,Electronics,Headphones,store,8,82.43,659.44
35,2025-06-10,Midwest,Home,Towel Set,store,2,27.88,55.76
36,2025-01-05,Northeast,Electronics,Laptop,online,3,899.53,2698.59
37,2025-06-28,East,Apparel,Jeans,online,5,47.7,238.5
38,2025-11-10,Northeast,Electronics,Phone Case,store,2,25.04,50.08
39,2025-03-10,West,Home,Lamp,store,6,35.37,212.22
40,2025-04-15,South,Grocery,Pasta,online,7,3.36,23.52
41,2025-05-22,West,Apparel,T-Shirt,store,8,17.39,139.12
42,2025-10-10,Northeast,Electronics,Laptop,online,3,939.01,2817.03
43,2025-10-07,West,Apparel,Jacket,online,6,88.38,530.28
44,2025-07-06,West,Apparel,T-Shirt,online,6,18.3,109.8
45,2025-10-14,Midwest,Home,Blender,online,3,61.81,185.43
46,2025-07-31,West,Apparel,Jeans,online,2,46.88,93.76
47,2025-07-15,Midwest,Home,Blender,store,4,58.11,232.44
48,2025-04-25,West,Home,Lamp,store,2,34.23,68.46
49,2025-05-23,Northeast,Grocery,Olive Oil,store,2,12.53,25.06
50,2025-05-14,West,Apparel,T-Shirt,online,6,18.17,109.02
51,2025-06-10,Northeast,Electronics,Headphones,online,1,77.06,77.06
52,2025-09-24,Northeast,Home,Lamp,store,6,33.49,200.94
53,2025-11-16,West,Electronics,Phone Case,store,12,24.02,288.24
54,2025-07-26,Northeast,Home,Blender,store,7,59.97,419.79
55,2025-12-13,East,Apparel,Jeans,online,4,47.06,188.24
56,2025-08-09,Northeast,Apparel,Jeans,store,4,47.72,190.88
57,2025-09-19,East,Electronics,Headphones,store,2,75.79,151.58
58,2025-12-11,West,Home,Blender,online,15,56.32,844.8
59,2025-02-07,Northeast,Home,Towel Set,store,4,27.98,111.92
60,2025-03-17,West,Electronics,Headphones,online,5,76.44,382.2
61,2025-08-26,West,Home,Blender,store,8,56.84,454.72
62,2025-12-08,Northeast,Apparel,Jeans,store,8,49.59,396.72
63,2025-03-23,Midwest,Grocery,Pasta,online,5,3.62,18.1
64,2025-09-24,East,Apparel,Jeans,online,4,49.03,196.12
65,2025-05-20,Northeast,Electronics,Laptop,online,3,874.84,2624.52
66,2025-12-28,West,Grocery,Pasta,store,10,3.51,35.1
67,2025-04-16,Midwest,Electronics,Phone Case,store,6,23.94,143.64
68,2025-06-02,Midwest,Home,Lamp,online,8,34.21,273.68
69,2025-01-15,Midwest,Home,Lamp,online,1,36.68,36.68
70,2025-07-21,West,Electronics,Phone Case,store,8,23.13,185.04
71,2025-04-04,West,Grocery,Pasta,online,6,3.48,20.88
72,2025-07-14,Midwest,Apparel,T-Shirt,store,1,17.13,17.13
73,2025-06-29,West,Electronics,Laptop,online,1,871.97,871.97
74,2025-11-15,West,Home,Lamp,online,10,35.22,352.2
75,2025-12-25,West,Apparel,T-Shirt,online,8,18.5,148.0
76,2025-02-25,South,Grocery,Pasta,online,4,3.35,13.4
77,2025-02-22,South,Electronics,Phone Case,online,7,23.63,165.41
78,2025-12-05,West,Apparel,T-Shirt,store,8,18.58,148.64
79,2025-07-05,Midwest,Home,Lamp,online,5,35.82,179.1
80,2025-11-12,Northeast,Grocery,Pasta,store,5,3.61,18.05
81,2025-06-15,West,Apparel,Jeans,online,7,49.2,344.4
82,2025-06-22,West,Apparel,T-Shirt,store,5,17.48,87.4
83,2025-06-24,Northeast,Apparel,Jacket,online,4,89.15,356.6
84,2025-02-13,Midwest,Grocery,Olive Oil,online,8,12.23,97.84
85,2025-08-18,West,Apparel,T-Shirt,store,5,18.35,91.75
86,2025-12-06,Midwest,Apparel,Jeans,store,8,47.29,378.32
87,2025-05-19,East,Electronics,Phone Case,online,3,23.56,70.68
88,2025-04-09,Midwest,Apparel,Jacket,store,4,93.28,373.12
89,2025-06-01,East,Apparel,T-Shirt,online,1,17.59,17.59
90,2025-10-11,West,Home,Towel Set,store,8,26.89,215.12
91,2025-05-26,Midwest,Apparel,T-Shirt,online,8,17.55,140.4
92,2025-02-28,Midwest,Grocery,Coffee Beans,online,5,13.51,67.55
93,2025-02-13,West,Grocery,Olive Oil,online,7,12.33,86.31
94,2025-08-19,South,Grocery,Pasta,online,2,3.54,7.08
95,2025-04-17,South,Electronics,Laptop,online,2,869.68,1739.36
96,2025-03-22,West,Grocery,Olive Oil,store,4,11.75,47.0
97,2025-05-28,Midwest,Electronics,Phone Case,online,4,25.02,100.08
98,2025-08-06,West,Home,Towel Set,online,3,29.14,87.42
99,2025-02-06,West,Apparel,Jacket,store,8,88.46,707.68
100,2025-12-19,West,Grocery,Pasta,store,7,3.48,24.36
101,2025-06-15,West,Electronics,Laptop,online,5,943.91,4719.55
102,2025-10-23,West,Home,Lamp,store,10,36.46,364.6
103,2025-08-12,Midwest,Electronics,Headphones,store,0,78.28,0.0
104,2025-02-23,South,Grocery,Olive Oil,store,7,11.75,82.25
105,2025-10-09,West,Electronics,Headphones,store,11,77.6,853.6
106,2025-01-01,Northeast,Grocery,Pasta,online,6,3.39,20.34
107,2025-11-15,Midwest,Electronics,Laptop,store,5,903.42,4517.1
108,2025-08-13,Midwest,Electronics,Laptop,online,5,917.86,4589.3
109,2025-10-10,West,Grocery,Coffee Beans,online,8,14.69,117.52
110,2025-03-02,East,Grocery,Olive Oil,store,5,12.01,60.05
111,2025-08-01,Midwest,Home,Lamp,online,3,34.59,103.77
112,2025-02-05,Midwest,Apparel,Jacket,store,5,91.85,459.25
113,2025-06-02,Northeast,Grocery,Coffee Beans,store,6,14.05,84.3
114,2025-06-20,Northeast,Grocery,Pasta,store,4,3.63,14.52
115,2025-10-20,West,Grocery,Coffee Beans,store,13,14.34,186.42
116,2025-12-06,East,Grocery,Coffee Beans,online,6,14.0,84.0
117,2025-02-21,Midwest,Electronics,Phone Case,store,3,22.84,68.52
118,2025-07-29,East,Electronics,Headphones,store,1,77.72,77.72
119,2025-06-18,Northeast,Grocery,Pasta,store,1,3.63,3.63
120,2025-11-13,West,Apparel,T-Shirt,online,10,17.88,178.8
121,2025-12-27,Midwest,Home,Towel Set,store,1,29.13,29.13
122,2025-06-16,South,Apparel,Jeans,store,7,46.3,324.1
123,2025-10-17,East,Home,Blender,online,7,59.65,417.55
124,2025-11-14,Midwest,Home,Blender,store,8,59.81,478.48
125,2025-05-11,Midwest,Apparel,Jacket,online,6,85.21,511.26
126,2025-10-28,West,Grocery,Olive Oil,store,9,11.95,107.55
127,2025-07-16,West,Home,Lamp,store,5,35.26,176.3
128,2025-01-12,Midwest,Apparel,T-Shirt,online,8,18.74,149.92
129,2025-05-27,East,Apparel,T-Shirt,online,3,18.22,54.66
130,2025-11-18,West,Electronics,Headphones,store,4,75.31,301.24
131,2025-02-16,South,Grocery,Coffee Beans,online,6,13.49,80.94
132,2025-09-29,South,Home,Lamp,store,5,36.64,183.2
133,2025-06-23,Midwest,Electronics,Laptop,online,7,931.38,6519.66
134,2025-10-13,West,Grocery,Coffee Beans,store,13,14.05,182.65
135,2025-12-11,South,Grocery,Olive Oil,store,4,11.53,46.12
136,2025-08-30,West,Apparel,Jacket,online,8,90.31,722.48
137,2025-12-25,West,Grocery,Coffee Beans,online,6,13.36,80.16
138,2025-09-10,West,Home,Towel Set,online,6,27.69,166.14
139,2025-12-10,Northeast,Grocery,Olive Oil,online,2,12.46,24.92
140,2025-09-08,South,Electronics,Phone Case,store,8,23.32,186.56
141,2025-05-01,West,Apparel,Jacket,store,5,85.09,425.45
142,2025-04-08,Midwest,Electronics,Phone Case,online,1,24.34,24.34
143,2025-01-26,East,Home,Towel Set,online,4,26.79,107.16
144,2025-10-28,West,Home,Lamp,online,6,36.01,216.06
145,2025-03-16,Northeast,Apparel,T-Shirt,online,1,18.29,18.29
146,2025-03-09,West,Home,Towel Set,store,5,26.64,133.2
147,2025-01-27,West,Grocery,Olive Oil,online,8,12.29,98.32
148,2025-08-18,Northeast,Electronics,Headphones,online,0,82.52,0.0
149,2025-12-04,Midwest,Electronics,Laptop,store,7,930.22,6511.54
150,2025-12-18,West,Grocery,Coffee Beans,online,6,13.75,82.5
151,2025-03-06,Northeast,Apparel,Jeans,store,7,47.78,334.46
152,2025-02-20,West,Home,Lamp,store,7,36.36,254.52
153,2025-06-23,Midwest,Grocery,Olive Oil,online,6,11.78,70.68
154,2025-12-07,West,Home,Towel Set,store,5,26.79,133.95
155,2025-08-10,West,Apparel,T-Shirt,online,6,18.16,108.96
156,2025-12-10,West,Apparel,Jacket,store,6,92.28,553.68
157,2025-11-04,West,Electronics,Phone Case,online,12,23.17,278.04
158,2025-02-25,Northeast,Apparel,T-Shirt,store,7,18.13,126.91
159,2025-10-15,Northeast,Electronics,Phone Case,store,5,22.87,114.35
160,2025-12-26,South,Apparel,T-Shirt,online,7,18.67,130.69
161,2025-02-05,West,Electronics,Laptop,online,8,887.87,7102.96
162,2025-06-24,West,Apparel,Jacket,store,2,91.46,182.92
163,2025-01-27,West,Electronics,Phone Case,online,7,23.45,164.15
164,2025-09-06,Midwest,Apparel,T-Shirt,online,2,17.72,35.44
165,2025-05-26,Northeast,Grocery,Olive Oil,store,7,11.45,80.15
166,2025-11-03,West,Home,Lamp,online,10,35.94,359.4
167,2025-06-17,West,Grocery,Olive Oil,store,7,11.61,81.27
168,2025-09-30,Northeast,Apparel,T-Shirt,store,1,18.65,18.65
169,2025-08-12,West,Electronics,Headphones,store,4,79.58,318.32
170,2025-05-29,West,Electronics,Headphones,online,3,81.38,244.14
171,2025-02-15,West,Home,Lamp,store,7,35.08,245.56
172,2025-06-08,East,Apparel,T-Shirt,online,2,18.02,36.04
173,2025-09-29,South,Apparel,Jacket,online,3,86.65,259.95
174,2025-05-12,Northeast,Home,Towel Set,online,8,27.1,216.8
175,2025-08-26,Northeast,Grocery,Olive Oil,store,6,12.44,74.64
176,2025-03-19,Midwest,Grocery,Olive Oil,store,1,12.36,12.36
177,2025-06-30,South,Grocery,Pasta,online,5,3.34,16.7
178,2025-02-09,West,Grocery,Pasta,online,4,3.48,13.92
179,2025-06-14,Northeast,Home,Blender,store,6,56.66,339.96
180,2025-02-13,East,Electronics,Laptop,store,3,943.14,2829.42
181,2025-07-06,South,Grocery,Pasta,store,1,3.56,3.56
182,2025-11-20,West,Apparel,T-Shirt,store,8,17.61,140.88
183,2025-02-11,East,Apparel,Jeans,store,2,46.22,92.44
184,2025-06-08,South,Home,Towel Set,online,7,28.41,198.87
185,2025-09-18,South,Apparel,T-Shirt,online,8,17.72,141.76
186,2025-04-09,East,Home,Blender,store,2,61.03,122.06
187,2025-09-17,Northeast,Electronics,Phone Case,store,3,24.9,74.7
188,2025-11-02,West,Home,Blender,online,7,60.3,422.1
189,2025-07-06,East,Grocery,Olive Oil,store,8,12.3,98.4
190,2025-04-30,South,Grocery,Coffee Beans,store,8,14.25,114.0
191,2025-08-25,Midwest,Grocery,Coffee Beans,online,3,14.42,43.26
192,2025-05-09,West,Grocery,Pasta,online,2,3.57,7.14
193,2025-05-26,West,Home,Lamp,store,3,36.42,109.26
194,2025-08-12,West,Home,Lamp,store,7,36.51,255.57
195,2025-01-28,South,Home,Lamp,online,1,34.56,34.56
196,2025-06-13,South,Home,Blender,online,8,57.74,461.92
197,2025-12-23,Midwest,Grocery,Olive Oil,online,1,12.49,12.49
198,2025-05-12,East,Grocery,Coffee Beans,store,2,13.63,27.26
199,2025-01-25,Northeast,Grocery,Coffee Beans,online,8,14.47,115.76
200,2025-11-02,Northeast,Home,Towel Set,online,1,27.42,27.42
201,2025-11-11,West,Grocery,Coffee Beans,online,9,14.03,126.27
202,2025-09-27,Northeast,Electronics,Headphones,store,0,75.39,0.0
203,2025-07-11,West,Apparel,T-Shirt,store,2,17.53,35.06
204,2025-10-25,South,Home,Blender,store,3,59.27,177.81
205,2025-12-17,Midwest,Home,Blender,online,8,60.27,482.16
206,2025-01-19,West,Home,Blender,store,7,61.56,430.92
207,2025-10-06,West,Home,Lamp,store,9,36.27,326.43
208,2025-06-19,South,Grocery,Pasta,store,7,3.64,25.48
209,2025-06-23,Midwest,Grocery,Pasta,store,7,3.61,25.27
210,2025-02-10,East,Apparel,Jeans,online,5,45.98,229.9
211,2025-06-06,Midwest,Home,Towel Set,store,1,27.58,27.58
212,2025-06-30,Midwest,Apparel,Jacket,online,7,85.22,596.54
213,2025-07-06,East,Electronics,Laptop,store,2,857.18,1714.36
214,2025-05-01,South,Apparel,Jeans,online,8,48.5,388.0
215,2025-07-09,West,Home,Towel Set,store,5,27.71,138.55
216,2025-05-08,West,Home,Lamp,store,2,36.45,72.9
217,2025-05-15,Midwest,Home,Towel Set,store,8,28.54,228.32
218,2025-04-13,West,Electronics,Headphones,online,0,82.15,0.0
219,2025-02-14,South,Apparel,Jacket,online,5,89.44,447.2
220,2025-06-03,East,Apparel,Jacket,online,4,85.63,342.52
221,2025-03-13,Midwest,Electronics,Headphones,store,2,78.74,157.48
222,2025-11-10,West,Apparel,Jeans,store,14,48.12,673.68
223,2025-02-07,West,Apparel,Jacket,online,6,88.55,531.3
224,2025-03-07,Northeast,Home,Blender,store,1,59.02,59.02
225,2025-03-05,South,Home,Blender,store,4,61.56,246.24
226,2025-06-27,Northeast,Apparel,T-Shirt,store,5,17.45,87.25
227,2025-03-06,Northeast,Electronics,Phone Case,online,3,24.22,72.66
228,2025-03-29,Northeast,Apparel,Jacket,online,1,91.89,91.89
229,2025-02-11,West,Apparel,Jacket,online,7,91.38,639.66
230,2025-11-13,Midwest,Apparel,Jacket,store,7,88.85,621.95
231,2025-06-02,West,Home,Lamp,store,4,34.94,139.76
232,2025-06-24,South,Apparel,Jacket,store,3,93.23,279.69
233,2025-07-09,West,Apparel,T-Shirt,store,8,17.32,138.56
234,2025-05-07,West,Electronics,Headphones,store,0,81.88,0.0
235,2025-03-23,Northeast,Apparel,T-Shirt,online,8,18.0,144.0
236,2025-09-13,Midwest,Electronics,Laptop,store,4,899.49,3597.96
237,2025-04-21,West,Electronics,Headphones,store,4,79.77,319.08
238,2025-05-27,West,Grocery,Coffee Beans,store,7,14.32,100.24
239,2025-07-07,West,Electronics,Phone Case,online,5,23.67,118.35
240,2025-02-07,Midwest,Apparel,Jacket,online,2,85.7,171.4
241,2025-07-21,South,Apparel,T-Shirt,online,7,18.18,127.26
242,2025-09-14,West,Electronics,Laptop,store,8,926.33,7410.64
243,2025-03-18,Northeast,Home,Lamp,store,5,33.82,169.1
244,2025-10-31,West,Grocery,Olive Oil,store,6,11.97,71.82
245,2025-06-19,Midwest,Apparel,Jacket,online,5,89.86,449.3
246,2025-12-02,Northeast,Home,Towel Set,online,3,28.23,84.69
247,2025-09-26,Northeast,Grocery,Coffee Beans,online,2,13.34,26.68
248,2025-04-08,West,Apparel,Jeans,online,4,47.58,190.32
249,2025-07-30,Northeast,Grocery,Olive Oil,online,4,12.25,49.0
250,2025-10-15,West,Grocery,Olive Oil,store,9,11.78,106.02
251,2025-09-30,South,Apparel,Jacket,store,4,86.26,345.04
252,2025-05-23,East,Apparel,Jeans,online,8,48.91,391.28
253,2025-06-12,Northeast,Apparel,Jeans,online,7,48.35,338.45
254,2025-07-22,East,Apparel,T-Shirt,store,2,18.82,37.64
255,2025-06-27,South,Grocery,Coffee Beans,online,5,14.46,72.3
256,2025-10-15,East,Electronics,Phone Case,online,4,23.38,93.52
257,2025-11-23,West,Electronics,Headphones,store,4,80.72,322.88
258,2025-01-03,East,Grocery,Olive Oil,store,4,11.97,47.88
259,2025-05-28,West,Electronics,Phone Case,online,1,24.08,24.08
260,2025-03-31,East,Electronics,Headphones,store,3,76.52,229.56
261,2025-01-20,West,Electronics,Headphones,store,5,78.64,393.2
262,2025-09-10,East,Grocery,Pasta,online,6,3.61,21.66
263,2025-03-25,South,Home,Blender,store,4,60.72,242.88
264,2025-03-31,Midwest,Grocery,Olive Oil,store,2,11.5,23.0
265,2025-04-05,Midwest,Apparel,T-Shirt,online,4,17.57,70.28
266,2025-08-17,South,Apparel,Jacket,online,6,86.88,521.28
267,2025-12-21,West,Electronics,Headphones,store,11,76.31,839.41
268,2025-03-02,South,Apparel,Jacket,online,3,86.5,259.5
269,2025-09-02,West,Apparel,Jeans,store,4,49.24,196.96
270,2025-05-07,Northeast,Electronics,Phone Case,store,6,24.07,144.42
271,2025-02-09,West,Electronics,Phone Case,online,3,24.17,72.51
272,2025-03-26,Northeast,Grocery,Coffee Beans,online,8,14.3,114.4
273,2025-02-16,Midwest,Electronics,Headphones,online,0,79.1,0.0
274,2025-01-30,South,Electronics,Headphones,store,5,81.5,407.5
275,2025-02-07,West,Apparel,Jacket,online,1,89.37,89.37
276,2025-02-05,Midwest,Electronics,Headphones,store,0,76.47,0.0
277,2025-11-25,Midwest,Apparel,Jeans,store,7,49.77,348.39
278,2025-07-12,West,Home,Towel Set,store,7,26.93,188.51
279,2025-09-28,West,Home,Blender,online,8,61.82,494.56
280,2025-12-11,Midwest,Grocery,Coffee Beans,online,3,13.94,41.82
281,2025-05-22,West,Electronics,Phone Case,store,1,24.28,24.28
282,2025-05-04,West,Electronics,Headphones,online,0,76.98,0.0
283,2025-08-13,East,Electronics,Laptop,store,6,875.1,5250.6
284,2025-10-23,South,Home,Lamp,online,4,36.7,146.8
285,2025-07-31,West,Home,Towel Set,store,1,28.16,28.16
286,2025-06-26,Midwest,Apparel,Jacket,store,5,88.18,440.9
287,2025-07-12,Northeast,Grocery,Coffee Beans,online,3,13.72,41.16
288,2025-08-26,Northeast,Grocery,Pasta,online,5,3.46,17.3
289,2025-04-15,West,Grocery,Pasta,online,4,3.51,14.04
290,2025-01-27,Northeast,Electronics,Laptop,online,4,926.39,3705.56
291,2025-09-03,South,Apparel,T-Shirt,online,2,18.79,37.58
292,2025-09-03,Northeast,Home,Lamp,online,5,35.18,175.9
293,2025-07-14,South,Apparel,Jeans,store,8,48.06,384.48
294,2025-08-27,West,Grocery,Pasta,online,7,3.45,24.15
295,2025-01-24,East,Home,Blender,store,7,59.31,415.17
296,2025-06-01,West,Apparel,T-Shirt,store,4,18.13,72.52
297,2025-09-13,South,Apparel,Jeans,store,6,47.81,286.86
298,2025-03-28,West,Grocery,Coffee Beans,online,2,14.03,28.06
299,2025-12-09,West,Electronics,Headphones,online,8,81.71,653.68
300,2025-03-19,West,Grocery,Pasta,online,8,3.54,28.32
301,2025-12-04,West,Grocery,Coffee Beans,online,12,14.04,168.48
302,2025-05-27,West,Grocery,Coffee Beans,online,3,14.59,43.77
303,2025-05-04,Northeast,Apparel,Jeans,store,2,49.42,98.84
304,2025-07-11,Midwest,Home,Towel Set,online,2,27.44,54.88
305,2025-12-01,West,Electronics,Headphones,store,8,78.03,624.24
306,2025-01-05,West,Grocery,Pasta,store,2,3.52,7.04
307,2025-09-28,East,Home,Towel Set,store,2,27.36,54.72
308,2025-12-17,Northeast,Electronics,Laptop,store,4,855.46,3421.84
309,2025-10-28,West,Grocery,Coffee Beans,store,11,13.53,148.83
310,2025-07-19,Northeast,Apparel,Jeans,online,2,49.39,98.78
311,2025-09-14,South,Electronics,Laptop,store,2,874.92,1749.84
312,2025-06-24,Northeast,Grocery,Pasta,online,8,3.55,28.4
313,2025-09-09,Northeast,Grocery,Pasta,online,7,3.56,24.92
314,2025-02-13,South,Home,Towel Set,online,3,26.83,80.49
315,2025-07-14,East,Grocery,Pasta,store,1,3.36,3.36
316,2025-06-07,South,Electronics,Laptop,online,8,870.9,6967.2
317,2025-10-13,Midwest,Electronics,Laptop,online,2,885.87,1771.74
318,2025-11-02,South,Grocery,Coffee Beans,store,2,13.88,27.76
319,2025-10-14,East,Home,Towel Set,store,5,27.07,135.35
320,2025-06-04,East,Electronics,Laptop,store,5,878.86,4394.3
321,2025-09-05,South,Apparel,T-Shirt,store,4,18.17,72.68
322,2025-08-23,West,Apparel,T-Shirt,store,7,17.7,123.9
323,2025-06-18,Midwest,Home,Lamp,store,4,35.36,141.44
324,2025-09-03,Midwest,Apparel,Jeans,store,4,50.25,201.0
325,2025-06-16,Midwest,Apparel,T-Shirt,online,3,18.17,54.51
326,2025-12-16,West,Grocery,Olive Oil,online,13,11.93,155.09
327,2025-02-05,Midwest,Grocery,Coffee Beans,store,3,13.64,40.92
328,2025-08-05,West,Grocery,Olive Oil,store,7,12.1,84.7
329,2025-10-06,West,Apparel,Jacket,online,12,85.52,1026.24
330,2025-12-07,West,Electronics,Phone Case,store,12,25.12,301.44
331,2025-02-24,West,Apparel,T-Shirt,online,7,17.9,125.3
332,2025-08-26,Northeast,Home,Lamp,online,5,34.94,174.7
333,2025-08-01,West,Electronics,Phone Case,online,6,23.64,141.84
334,2025-08-22,Northeast,Grocery,Pasta,store,8,3.36,26.88
335,2025-06-13,West,Electronics,Phone Case,online,6,22.85,137.1
336,2025-11-28,West,Home,Towel Set,online,8,28.04,224.32
337,2025-10-14,West,Grocery,Coffee Beans,store,11,14.18,155.98
338,2025-12-03,West,Electronics,Phone Case,online,13,23.88,310.44
339,2025-01-03,East,Apparel,Jacket,online,3,89.69,269.07
340,2025-07-07,Midwest,Electronics,Headphones,store,5,79.22,396.1
341,2025-07-18,Northeast,Electronics,Headphones,store,3,81.73,245.19
342,2025-11-11,East,Apparel,T-Shirt,online,3,17.65,52.95
343,2025-07-11,Northeast,Grocery,Pasta,online,7,3.53,24.71
344,2025-04-06,Northeast,Home,Towel Set,online,3,27.97,83.91
345,2025-04-06,Midwest,Electronics,Headphones,online,0,78.88,0.0
346,2025-07-16,Northeast,Grocery,Pasta,store,8,3.47,27.76
347,2025-09-08,West,Electronics,Laptop,store,4,856.99,3427.96
348,2025-10-03,West,Grocery,Olive Oil,store,9,12.06,108.54
349,2025-02-28,Northeast,Apparel,Jacket,online,8,91.31,730.48
350,2025-10-07,West,Grocery,Coffee Beans,online,7,13.72,96.04
351,2025-05-15,West,Grocery,Coffee Beans,online,6,13.59,81.54
352,2025-12-30,Midwest,Home,Towel Set,online,4,28.8,115.2
353,2025-01-31,Northeast,Apparel,Jacket,online,5,87.43,437.15
354,2025-05-29,Northeast,Electronics,Laptop,store,5,936.65,4683.25
355,2025-12-02,West,Home,Blender,online,12,60.25,723.0
356,2025-07-21,Northeast,Apparel,Jacket,store,2,87.89,175.78
357,2025-11-21,West,Grocery,Olive Oil,store,12,12.23,146.76
358,2025-09-07,West,Electronics,Phone Case,store,6,24.32,145.92
359,2025-02-02,Midwest,Home,Lamp,online,6,34.98,209.88
360,2025-05-26,Northeast,Home,Towel Set,store,1,28.81,28.81
361,2025-01-24,West,Grocery,Coffee Beans,online,3,14.6,43.8
362,2025-08-14,Midwest,Home,Towel Set,online,5,29.07,145.35
363,2025-03-23,South,Electronics,Phone Case,store,6,23.4,140.4
364,2025-12-07,East,Electronics,Headphones,store,4,80.79,323.16
365,2025-12-02,West,Electronics,Laptop,online,10,896.91,8969.1
366,2025-04-26,Midwest,Electronics,Laptop,store,7,927.51,6492.57
367,2025-12-22,West,Electronics,Laptop,store,5,862.08,4310.4
368,2025-06-10,South,Home,Lamp,online,3,35.5,106.5
369,2025-02-05,West,Home,Lamp,store,3,35.78,107.34
370,2025-07-30,Midwest,Home,Blender,online,2,56.88,113.76
371,2025-10-29,South,Grocery,Pasta,online,2,3.41,6.82
372,2025-05-08,Northeast,Apparel,Jacket,online,5,92.1,460.5
373,2025-04-16,Northeast,Home,Towel Set,store,1,27.43,27.43
374,2025-05-03,West,Home,Lamp,online,1,35.1,35.1
375,2025-07-04,East,Grocery,Olive Oil,store,3,11.84,35.52
376,2025-08-30,West,Electronics,Phone Case,online,4,22.83,91.32
377,2025-01-21,Midwest,Apparel,Jacket,store,7,88.32,618.24
378,2025-02-12,Northeast,Home,Lamp,online,4,34.33,137.32
379,2025-03-21,Midwest,Electronics,Headphones,store,1,80.82,80.82
380,2025-05-06,West,Grocery,Coffee Beans,store,1,14.16,14.16
381,2025-06-08,East,Electronics,Laptop,online,3,917.11,2751.33
382,2025-09-12,Northeast,Apparel,T-Shirt,store,5,17.33,86.65
383,2025-03-02,West,Apparel,Jeans,store,5,48.11,240.55
384,2025-12-31,West,Grocery,Pasta,store,8,3.34,26.72
385,2025-03-22,West,Electronics,Laptop,online,1,858.01,858.01
386,2025-05-06,West,Apparel,Jeans,online,1,46.46,46.46
387,2025-10-11,Midwest,Home,Lamp,online,6,34.71,208.26
388,2025-05-19,Northeast,Apparel,T-Shirt,online,1,17.42,17.42
389,2025-07-25,West,Grocery,Pasta,store,8,3.44,27.52
390,2025-01-05,South,Apparel,Jacket,online,8,88.68,709.44
391,2025-04-11,Northeast,Home,Blender,online,1,61.55,61.55
392,2025-04-30,West,Apparel,T-Shirt,store,5,18.63,93.15
393,2025-02-23,East,Grocery,Pasta,online,3,3.67,11.01
394,2025-12-31,West,Electronics,Laptop,store,12,917.06,11004.72
395,2025-02-13,Northeast,Home,Towel Set,store,1,26.81,26.81
396,2025-08-11,East,Home,Lamp,store,7,36.23,253.61
397,2025-12-25,South,Apparel,Jeans,store,4,46.72,186.88
398,2025-03-11,Northeast,Electronics,Laptop,online,8,868.83,6950.64
399,2025-06-10,Northeast,Apparel,T-Shirt,store,5,17.65,88.25
400,2025-03-03,West,Apparel,Jacket,online,6,86.46,518.76
401,2025-03-17,West,Home,Lamp,store,5,35.05,175.25
402,2025-05-14,East,Electronics,Headphones,store,1,79.44,79.44
403,2025-08-25,West,Home,Blender,online,4,56.41,225.64
404,2025-03-08,Midwest,Apparel,Jacket,online,5,89.73,448.65
405,2025-02-08,West,Electronics,Laptop,store,2,926.81,1853.62
406,2025-06-19,West,Grocery,Coffee Beans,online,7,14.59,102.13
407,2025-07-22,Midwest,Grocery,Coffee Beans,store,3,13.6,40.8
408,2025-05-21,East,Electronics,Phone Case,online,8,24.35,194.8
409,2025-07-30,Midwest,Electronics,Laptop,store,7,888.48,6219.36
410,2025-04-13,Northeast,Home,Towel Set,online,6,29.37,176.22
411,2025-09-03,Midwest,Apparel,Jacket,store,3,88.01,264.03
412,2025-01-14,East,Electronics,Headphones,online,0,81.44,0.0
413,2025-07-03,East,Home,Blender,online,5,59.93,299.65
414,2025-10-01,West,Home,Towel Set,store,7,27.59,193.13
415,2025-05-02,South,Electronics,Phone Case,store,3,25.07,75.21
416,2025-10-16,Midwest,Apparel,T-Shirt,store,1,17.17,17.17
417,2025-04-30,West,Grocery,Coffee Beans,store,4,14.59,58.36
418,2025-03-08,East,Apparel,T-Shirt,online,3,17.37,52.11
419,2025-02-26,South,Electronics,Headphones,store,0,79.68,0.0
420,2025-06-15,West,Home,Towel Set,store,8,28.82,230.56
421,2025-11-29,West,Apparel,T-Shirt,online,9,17.78,160.02
422,2025-04-01,Northeast,Grocery,Olive Oil,online,6,11.62,69.72
423,2025-11-10,West,Electronics,Headphones,online,5,77.67,388.35
424,2025-06-13,West,Electronics,Phone Case,store,5,23.87,119.35
425,2025-04-18,West,Apparel,Jeans,online,1,49.06,49.06
426,2025-07-17,Midwest,Home,Lamp,store,6,36.34,218.04
427,2025-10-07,West,Grocery,Olive Oil,online,5,11.6,58.0
428,2025-05-31,West,Apparel,T-Shirt,online,7,17.72,124.04
429,2025-03-24,Northeast,Electronics,Headphones,store,0,80.62,0.0
430,2025-12-01,West,Grocery,Coffee Beans,online,8,13.44,107.52
431,2025-07-29,Northeast,Apparel,Jacket,store,2,87.2,174.4
432,2025-01-26,Northeast,Grocery,Coffee Beans,online,7,13.81,96.67
433,2025-02-14,Northeast,Grocery,Coffee Beans,online,3,13.34,40.02
434,2025-11-23,West,Electronics,Headphones,online,6,77.49,464.94
435,2025-12-05,West,Grocery,Coffee Beans,store,10,14.54,145.4
436,2025-08-17,West,Grocery,Pasta,store,5,3.4,17.0
437,2025-10-16,West,Electronics,Laptop,store,14,926.71,12973.94
438,2025-04-27,Midwest,Grocery,Olive Oil,store,4,12.09,48.36
439,2025-09-01,Midwest,Electronics,Phone Case,online,8,23.09,184.72
440,2025-03-30,East,Home,Blender,online,2,56.3,112.6
441,2025-12-16,West,Home,Towel Set,store,5,27.5,137.5
442,2025-07-18,Northeast,Apparel,Jeans,store,1,50.0,50.0
443,2025-12-25,Northeast,Grocery,Coffee Beans,store,2,13.51,27.02
444,2025-02-24,West,Apparel,Jacket,store,5,92.36,461.8
445,2025-07-16,Northeast,Grocery,Coffee Beans,online,3,13.69,41.07
446,2025-11-13,Midwest,Electronics,Headphones,store,0,80.51,0.0
447,2025-09-01,South,Electronics,Headphones,store,1,77.51,77.51
448,2025-04-27,West,Grocery,Pasta,store,2,3.58,7.16
449,2025-04-07,Midwest,Grocery,Olive Oil,store,3,12.39,37.17
450,2025-02-03,Northeast,Grocery,Coffee Beans,online,4,13.54,54.16
451,2025-01-30,Midwest,Electronics,Headphones,online,5,77.21,386.05
452,2025-07-23,West,Electronics,Laptop,store,8,897.99,7183.92
453,2025-04-01,Midwest,Apparel,Jeans,online,5,49.62,248.1
454,2025-12-19,West,Electronics,Headphones,online,6,76.34,458.04
455,2025-11-28,West,Home,Lamp,store,7,35.05,245.35
456,2025-03-09,Northeast,Electronics,Laptop,store,5,908.74,4543.7
457,2025-12-31,South,Grocery,Pasta,store,4,3.49,13.96
458,2025-08-27,Northeast,Grocery,Olive Oil,online,6,11.41,68.46
459,2025-10-15,Northeast,Apparel,Jeans,online,6,47.91,287.46
460,2025-05-22,South,Apparel,Jacket,store,4,86.23,344.92
461,2025-01-30,Northeast,Grocery,Olive Oil,store,1,12.22,12.22
462,2025-12-02,South,Apparel,Jeans,store,1,47.46,47.46
463,2025-10-26,Northeast,Home,Lamp,online,8,35.65,285.2
464,2025-12-10,West,Apparel,T-Shirt,online,12,17.63,211.56
465,2025-05-13,Northeast,Home,Towel Set,store,4,28.43,113.72
466,2025-07-01,South,Grocery,Pasta,store,5,3.42,17.1
467,2025-08-26,Midwest,Electronics,Phone Case,online,4,23.93,95.72
468,2025-09-14,West,Grocery,Olive Oil,store,3,11.9,35.7
469,2025-03-12,South,Grocery,Olive Oil,store,3,11.57,34.71
470,2025-02-11,East,Apparel,Jacket,online,5,84.59,422.95
471,2025-04-18,East,Home,Lamp,online,7,33.7,235.9
472,2025-11-21,West,Grocery,Pasta,store,12,3.33,39.96
473,2025-07-11,South,Home,Blender,online,4,59.75,239.0
474,2025-04-26,South,Apparel,T-Shirt,online,5,17.79,88.95
475,2025-03-27,West,Electronics,Headphones,store,0,78.65,0.0
476,2025-09-26,East,Apparel,Jeans,store,3,49.2,147.6
477,2025-07-26,West,Home,Towel Set,online,1,27.19,27.19
478,2025-10-29,West,Apparel,Jacket,online,12,87.89,1054.68
479,2025-11-16,West,Electronics,Phone Case,online,4,24.37,97.48
480,2025-12-20,West,Grocery,Pasta,online,16,3.52,56.32
481,2025-03-20,West,Apparel,Jeans,online,5,48.78,243.9
482,2025-11-15,East,Grocery,Coffee Beans,online,2,13.7,27.4
483,2025-09-12,East,Apparel,Jacket,online,7,87.74,614.18
484,2025-06-01,West,Grocery,Coffee Beans,store,1,13.76,13.76
485,2025-01-07,West,Grocery,Coffee Beans,online,2,14.39,28.78
486,2025-02-21,East,Grocery,Pasta,store,2,3.49,6.98
487,2025-03-31,South,Apparel,Jacket,store,2,88.34,176.68
488,2025-02-18,West,Electronics,Laptop,online,8,883.6,7068.8
489,2025-11-15,West,Electronics,Headphones,store,6,76.49,458.94
490,2025-05-20,Midwest,Grocery,Olive Oil,online,1,11.54,11.54
491,2025-03-23,West,Grocery,Olive Oil,store,7,11.62,81.34
492,2025-07-03,East,Grocery,Pasta,online,8,3.64,29.12
493,2025-01-24,West,Apparel,T-Shirt,online,6,18.86,113.16
494,2025-09-23,Northeast,Electronics,Headphones,online,4,78.86,315.44
495,2025-03-18,Northeast,Electronics,Laptop,online,8,899.5,7196.0
496,2025-09-11,West,Grocery,Pasta,online,5,3.44,17.2
497,2025-01-26,Northeast,Grocery,Pasta,online,8,3.35,26.8
498,2025-10-21,West,Grocery,Pasta,store,16,3.37,53.92
499,2025-12-01,West,Grocery,Pasta,online,4,3.52,14.08
500,2025-11-06,South,Home,Towel Set,store,6,29.26,175.56
501,2025-01-28,Midwest,Apparel,Jacket,store,6,90.93,545.58
502,2025-08-20,West,Home,Blender,store,5,58.15,290.75
503,2025-10-08,West,Electronics,Laptop,store,10,866.68,8666.8
504,2025-05-11,East,Electronics,Headphones,online,3,78.66,235.98
505,2025-02-25,West,Electronics,Headphones,store,2,80.25,160.5
506,2025-09-13,West,Electronics,Phone Case,store,8,24.81,198.48
507,2025-09-18,East,Home,Towel Set,online,6,26.89,161.34
508,2025-09-16,Midwest,Home,Lamp,store,5,36.62,183.1
509,2025-08-20,East,Grocery,Olive Oil,store,6,12.41,74.46
510,2025-12-31,Northeast,Home,Blender,online,5,59.73,298.65
511,2025-12-18,West,Home,Towel Set,online,14,28.01,392.14
512,2025-03-01,Northeast,Grocery,Olive Oil,store,5,12.21,61.05
513,2025-08-05,Northeast,Electronics,Laptop,store,1,867.11,867.11
514,2025-04-13,East,Apparel,Jacket,store,1,85.85,85.85
515,2025-12-20,East,Electronics,Headphones,store,5,75.86,379.3
516,2025-04-25,Northeast,Grocery,Coffee Beans,store,1,14.27,14.27
517,2025-07-15,South,Electronics,Laptop,store,8,872.31,6978.48
518,2025-04-26,South,Home,Towel Set,online,3,27.42,82.26
519,2025-12-16,West,Home,Towel Set,online,12,27.66,331.92
520,2025-10-12,West,Home,Towel Set,store,16,26.62,425.92
521,2025-03-21,West,Apparel,Jacket,online,5,91.44,457.2
522,2025-09-09,Northeast,Apparel,T-Shirt,store,3,18.05,54.15
523,2025-09-24,West,Home,Lamp,store,4,33.57,134.28
524,2025-04-20,South,Apparel,Jeans,online,8,50.16,401.28
525,2025-10-15,West,Electronics,Phone Case,store,7,23.87,167.09
526,2025-12-16,Midwest,Electronics,Headphones,store,0,79.32,0.0
527,2025-09-22,South,Grocery,Pasta,online,4,3.43,13.72
528,2025-06-14,West,Home,Towel Set,online,4,28.36,113.44
529,2025-12-10,East,Grocery,Coffee Beans,online,7,14.05,98.35
530,2025-11-28,West,Home,Blender,store,4,60.28,241.12
531,2025-02-07,West,Apparel,Jacket,online,4,89.67,358.68
532,2025-05-13,Midwest,Grocery,Pasta,store,2,3.33,6.66
533,2025-10-01,West,Electronics,Phone Case,online,7,24.48,171.36
534,2025-09-15,West,Apparel,Jacket,online,8,87.06,696.48
535,2025-07-15,West,Grocery,Coffee Beans,online,7,13.49,94.43
536,2025-10-07,West,Home,Lamp,store,8,36.6,292.8
537,2025-10-12,West,Electronics,Laptop,store,7,902.34,6316.38
538,2025-04-18,South,Home,Lamp,online,4,33.81,135.24
539,2025-11-12,East,Electronics,Laptop,online,8,930.59,7444.72
540,2025-11-27,South,Electronics,Headphones,online,3,76.61,229.83
541,2025-07-02,West,Home,Blender,store,4,59.71,238.84
542,2025-06-12,South,Apparel,Jacket,online,6,89.58,537.48
543,2025-06-11,East,Electronics,Headphones,online,4,81.26,325.04
544,2025-05-22,East,Apparel,Jeans,store,5,47.74,238.7
545,2025-09-07,East,Electronics,Headphones,online,0,82.09,0.0
546,2025-11-17,West,Electronics,Laptop,online,14,927.11,12979.54
547,2025-04-19,Northeast,Apparel,Jacket,store,3,90.37,271.11
548,2025-07-07,Northeast,Apparel,T-Shirt,store,2,18.0,36.0
549,2025-07-23,West,Home,Towel Set,online,3,28.72,86.16
550,2025-08-17,West,Home,Towel Set,store,1,29.23,29.23
551,2025-04-23,East,Electronics,Headphones,store,5,76.9,384.5
552,2025-07-04,Midwest,Electronics,Laptop,store,5,863.33,4316.65
553,2025-05-15,Northeast,Home,Lamp,store,2,34.53,69.06
554,2025-09-22,East,Grocery,Pasta,store,8,3.5,28.0
555,2025-11-06,West,Home,Lamp,online,9,34.05,306.45
556,2025-03-18,South,Electronics,Phone Case,online,6,23.8,142.8
557,2025-02-28,Midwest,Grocery,Coffee Beans,online,7,14.21,99.47
558,2025-01-12,East,Home,Blender,online,3,61.31,183.93
559,2025-01-29,West,Home,Towel Set,store,1,28.28,28.28
560,2025-12-05,West,Home,Lamp,store,7,36.29,254.03
561,2025-07-30,Northeast,Home,Towel Set,store,6,27.07,162.42
562,2025-08-21,West,Home,Lamp,store,1,33.71,33.71
563,2025-04-14,Northeast,Grocery,Coffee Beans,online,1,13.55,13.55
564,2025-09-30,West,Electronics,Headphones,online,0,82.18,0.0
565,2025-01-01,Midwest,Grocery,Pasta,online,7,3.57,24.99
566,2025-04-28,Midwest,Grocery,Pasta,online,5,3.47,17.35
567,2025-09-02,West,Apparel,Jacket,store,1,86.84,86.84
568,2025-12-30,West,Electronics,Phone Case,online,12,23.7,284.4
569,2025-06-11,West,Home,Lamp,store,7,34.16,239.12
570,2025-10-17,West,Apparel,Jacket,store,14,91.27,1277.78
571,2025-10-13,South,Grocery,Pasta,store,7,3.53,24.71
572,2025-03-12,West,Home,Lamp,online,7,33.6,235.2
573,2025-06-23,Northeast,Electronics,Laptop,store,1,940.76,940.76
574,2025-02-16,Midwest,Grocery,Coffee Beans,online,6,13.67,82.02
575,2025-02-10,Midwest,Grocery,Olive Oil,store,1,12.25,12.25
576,2025-03-31,Midwest,Electronics,Laptop,store,4,871.56,3486.24
577,2025-11-11,West,Electronics,Headphones,online,6,80.22,481.32
578,2025-07-24,Midwest,Grocery,Olive Oil,online,2,12.02,24.04
579,2025-02-16,Northeast,Apparel,Jeans,store,4,46.69,186.76
580,2025-08-21,Northeast,Electronics,Headphones,online,0,78.27,0.0
581,2025-02-07,South,Electronics,Phone Case,store,5,24.9,124.5
582,2025-12-22,West,Grocery,Olive Oil,store,12,12.32,147.84
583,2025-12-15,Northeast,Electronics,Headphones,online,0,77.09,0.0
584,2025-04-23,East,Apparel,Jeans,store,1,48.08,48.08
585,2025-12-25,East,Apparel,T-Shirt,store,6,18.31,109.86
586,2025-02-08,East,Grocery,Pasta,store,5,3.4,17.0
587,2025-04-04,East,Grocery,Olive Oil,online,4,11.68,46.72
588,2025-05-16,East,Home,Towel Set,store,2,27.04,54.08
589,2025-03-03,Midwest,Electronics,Phone Case,online,6,24.84,149.04
590,2025-11-14,West,Apparel,Jeans,online,11,50.33,553.63
591,2025-04-24,East,Electronics,Phone Case,store,1,23.95,23.95
592,2025-09-15,East,Grocery,Coffee Beans,store,1,13.74,13.74
593,2025-01-07,Midwest,Electronics,Headphones,store,0,79.89,0.0
594,2025-10-08,West,Apparel,Jeans,store,14,47.36,663.04
595,2025-04-18,South,Apparel,Jeans,store,3,47.76,143.28
596,2025-10-22,West,Apparel,T-Shirt,store,8,18.64,149.12
597,2025-03-18,West,Home,Lamp,store,6,33.72,202.32
598,2025-09-07,Northeast,Electronics,Headphones,online,0,80.51,0.0
599,2025-05-11,West,Grocery,Olive Oil,store,6,11.71,70.26
600,2025-10-14,South,Apparel,T-Shirt,store,4,17.32,69.28
601,2025-10-23,Northeast,Home,Lamp,store,8,34.39,275.12
602,2025-08-17,Midwest,Apparel,Jeans,online,6,49.77,298.62
603,2025-08-04,Northeast,Grocery,Coffee Beans,online,4,13.53,54.12
604,2025-06-10,South,Apparel,Jacket,store,8,86.96,695.68
605,2025-07-05,Northeast,Grocery,Pasta,online,1,3.39,3.39
606,2025-03-06,South,Electronics,Laptop,online,2,889.74,1779.48
607,2025-02-02,Midwest,Electronics,Laptop,store,2,901.16,1802.32
608,2025-02-23,East,Electronics,Phone Case,store,4,23.54,94.16
609,2025-05-26,East,Home,Towel Set,online,6,26.68,160.08
610,2025-06-16,Midwest,Apparel,Jacket,store,3,85.75,257.25
611,2025-10-30,Northeast,Grocery,Olive Oil,store,8,12.49,99.92
612,2025-10-04,West,Electronics,Headphones,store,5,77.94,389.7
613,2025-01-06,West,Home,Lamp,store,1,34.89,34.89
614,2025-12-19,Midwest,Apparel,T-Shirt,store,4,18.54,74.16
615,2025-01-04,East,Grocery,Olive Oil,store,3,11.87,35.61
616,2025-11-27,West,Grocery,Coffee Beans,store,11,13.41,147.51
617,2025-11-10,South,Apparel,Jacket,store,2,88.22,176.44
618,2025-04-04,West,Electronics,Phone Case,store,5,24.28,121.4
619,2025-12-25,East,Apparel,T-Shirt,online,1,17.19,17.19
620,2025-04-06,South,Apparel,T-Shirt,store,4,18.41,73.64
621,2025-02-16,West,Grocery,Coffee Beans,store,8,13.89,111.12
622,2025-07-10,West,Apparel,T-Shirt,online,7,17.2,120.4
623,2025-02-06,East,Home,Lamp,store,2,36.15,72.3
624,2025-05-08,Midwest,Home,Towel Set,online,2,27.16,54.32
625,2025-09-24,East,Grocery,Pasta,store,3,3.65,10.95
626,2025-11-19,Northeast,Electronics,Headphones,store,0,80.09,0.0
627,2025-01-27,East,Electronics,Laptop,store,3,883.22,2649.66
628,2025-05-22,Midwest,Home,Blender,online,8,59.48,475.84
629,2025-12-19,South,Electronics,Laptop,online,6,898.99,5393.94
630,2025-11-17,West,Apparel,Jacket,online,6,90.79,544.74
631,2025-09-07,Northeast,Apparel,Jeans,online,7,45.7,319.9
632,2025-07-03,South,Electronics,Headphones,store,0,79.47,0.0
633,2025-09-08,East,Apparel,Jeans,store,3,46.92,140.76
634,2025-02-05,Midwest,Apparel,Jeans,store,7,47.78,334.46
635,2025-04-05,Northeast,Apparel,Jacket,online,2,87.4,174.8
636,2025-12-04,Midwest,Home,Towel Set,store,3,28.74,86.22
637,2025-11-10,West,Grocery,Olive Oil,store,5,11.53,57.65
638,2025-03-08,West,Electronics,Laptop,online,2,897.68,1795.36
639,2025-01-17,Midwest,Grocery,Olive Oil,store,4,11.46,45.84
640,2025-11-07,West,Home,Towel Set,store,8,29.2,233.6
641,2025-11-24,West,Grocery,Pasta,online,12,3.61,43.32
642,2025-01-21,South,Electronics,Laptop,online,4,863.15,3452.6
643,2025-09-30,East,Home,Towel Set,online,7,28.16,197.12
644,2025-02-24,Northeast,Apparel,Jacket,store,7,90.8,635.6
645,2025-02-23,West,Home,Towel Set,store,3,28.01,84.03
646,2025-10-01,Midwest,Apparel,Jeans,store,7,49.66,347.62
647,2025-11-21,West,Apparel,Jacket,online,10,89.56,895.6
648,2025-10-09,South,Apparel,Jeans,store,1,50.21,50.21
649,2025-01-18,Northeast,Electronics,Phone Case,online,5,25.18,125.9
650,2025-01-04,East,Home,Lamp,online,5,35.95,179.75
651,2025-10-11,Northeast,Home,Blender,online,3,58.77,176.31
652,2025-03-12,Northeast,Home,Blender,store,2,60.84,121.68
653,2025-10-20,West,Home,Towel Set,online,12,28.63,343.56
654,2025-09-07,Northeast,Electronics,Phone Case,store,7,22.89,160.23
655,2025-02-10,South,Apparel,Jeans,store,2,50.07,100.14
656,2025-04-27,Northeast,Electronics,Phone Case,store,1,22.93,22.93
657,2025-06-13,East,Apparel,Jacket,online,7,85.91,601.37
658,2025-08-17,Northeast,Electronics,Laptop,store,7,880.1,6160.7
659,2025-03-17,West,Electronics,Headphones,online,0,79.38,0.0
660,2025-07-24,East,Home,Lamp,online,4,34.96,139.84
661,2025-10-15,Northeast,Home,Blender,online,7,57.62,403.34
662,2025-06-15,Northeast,Electronics,Laptop,store,6,892.13,5352.78
663,2025-04-08,Northeast,Electronics,Headphones,online,4,82.85,331.4
664,2025-11-16,West,Electronics,Laptop,online,11,915.66,10072.26
665,2025-02-13,West,Electronics,Laptop,online,5,932.15,4660.75
666,2025-01-08,West,Apparel,Jeans,store,4,45.71,182.84
667,2025-10-03,West,Apparel,Jacket,store,11,90.1,991.1
668,2025-12-24,Midwest,Electronics,Headphones,online,0,75.52,0.0
669,2025-12-23,West,Grocery,Olive Oil,online,13,11.48,149.24
670,2025-12-04,West,Electronics,Laptop,store,11,932.03,10252.33
671,2025-07-14,West,Apparel,Jeans,online,8,46.49,371.92
672,2025-10-15,West,Electronics,Laptop,store,15,884.04,13260.6
673,2025-03-22,West,Apparel,Jeans,store,5,46.73,233.65
674,2025-02-01,Midwest,Electronics,Phone Case,store,6,23.34,140.04
675,2025-07-21,West,Grocery,Olive Oil,online,3,11.9,35.7
676,2025-08-07,Northeast,Apparel,Jeans,online,3,46.59,139.77
677,2025-10-25,East,Home,Lamp,online,3,34.76,104.28
678,2025-12-02,East,Apparel,T-Shirt,online,3,17.43,52.29
679,2025-01-16,Midwest,Grocery,Pasta,store,5,3.59,17.95
680,2025-03-19,West,Home,Blender,online,5,60.55,302.75
681,2025-11-07,East,Home,Blender,online,8,58.17,465.36
682,2025-03-10,Northeast,Grocery,Olive Oil,store,7,11.62,81.34
683,2025-09-09,East,Home,Blender,online,1,58.46,58.46
684,2025-05-19,East,Home,Blender,online,8,57.09,456.72
685,2025-11-12,South,Grocery,Coffee Beans,store,1,13.87,13.87
686,2025-11-08,Midwest,Apparel,Jeans,online,8,48.1,384.8
687,2025-08-22,West,Home,Towel Set,store,1,29.35,29.35
688,2025-10-13,West,Electronics,Laptop,store,10,893.57,8935.7
689,2025-08-25,West,Apparel,Jacket,online,3,90.69,272.07
690,2025-08-26,Midwest,Electronics,Phone Case,online,3,23.23,69.69
691,2025-07-21,Midwest,Electronics,Laptop,store,4,907.12,3628.48
692,2025-08-21,West,Apparel,Jacket,online,2,90.94,181.88
693,2025-02-16,West,Grocery,Olive Oil,store,7,11.5,80.5
694,2025-09-19,East,Grocery,Olive Oil,store,3,11.45,34.35
695,2025-06-21,East,Home,Blender,online,1,60.59,60.59
696,2025-08-03,Midwest,Apparel,Jacket,online,3,85.6,256.8
697,2025-04-14,West,Apparel,T-Shirt,store,8,18.0,144.0
698,2025-10-06,Northeast,Grocery,Coffee Beans,online,8,14.12,112.96
699,2025-08-21,West,Electronics,Laptop,store,4,909.77,3639.08
700,2025-01-26,West,Apparel,T-Shirt,online,5,18.64,93.2
701,2025-06-19,West,Electronics,Headphones,online,0,76.32,0.0
702,2025-12-05,Northeast,Home,Lamp,store,2,36.51,73.02
703,2025-06-03,Midwest,Electronics,Headphones,online,0,77.36,0.0
704,2025-12-22,South,Grocery,Olive Oil,online,1,12.23,12.23
705,2025-02-25,Northeast,Electronics,Headphones,store,3,78.42,235.26
706,2025-09-27,Northeast,Apparel,T-Shirt,store,8,18.04,144.32
707,2025-09-10,Northeast,Home,Towel Set,store,1,29.34,29.34
708,2025-03-02,West,Electronics,Phone Case,online,7,24.72,173.04
709,2025-07-31,West,Apparel,Jacket,online,4,84.65,338.6
710,2025-12-20,West,Electronics,Headphones,store,3,79.05,237.15
711,2025-02-28,South,Grocery,Olive Oil,online,4,12.4,49.6
712,2025-06-19,Midwest,Grocery,Coffee Beans,online,8,13.97,111.76
713,2025-10-02,Midwest,Grocery,Olive Oil,online,5,12.4,62.0
714,2025-10-17,South,Electronics,Laptop,store,6,925.93,5555.58
715,2025-02-03,South,Electronics,Headphones,store,5,80.0,400.0
716,2025-11-07,West,Electronics,Headphones,store,3,80.66,241.98
717,2025-09-12,South,Grocery,Pasta,online,3,3.51,10.53
718,2025-02-27,West,Home,Blender,store,8,59.04,472.32
719,2025-09-14,West,Apparel,Jeans,store,3,49.32,147.96
720,2025-02-20,Northeast,Home,Blender,online,2,58.76,117.52
721,2025-01-03,West,Electronics,Headphones,store,0,82.07,0.0
722,2025-12-04,West,Apparel,Jacket,online,9,87.41,786.69
723,2025-05-22,Midwest,Electronics,Headphones,online,0,76.29,0.0
724,2025-11-15,West,Home,Towel Set,store,9,28.14,253.26
725,2025-12-27,Northeast,Home,Blender,online,6,57.89,347.34
726,2025-10-04,West,Home,Blender,store,4,61.38,245.52
727,2025-07-16,West,Grocery,Pasta,online,8,3.57,28.56
728,2025-11-12,West,Apparel,T-Shirt,online,15,18.85,282.75
729,2025-03-09,West,Grocery,Coffee Beans,store,8,13.73,109.84
730,2025-08-29,East,Home,Towel Set,store,7,29.16,204.12
731,2025-04-04,South,Apparel,Jeans,store,8,45.75,366.0
732,2025-02-27,Midwest,Home,Lamp,store,3,35.37,106.11
733,2025-09-18,West,Electronics,Headphones,online,0,81.31,0.0
734,2025-07-25,East,Home,Towel Set,online,7,29.33,205.31
735,2025-02-03,Northeast,Grocery,Pasta,store,4,3.52,14.08
736,2025-03-30,West,Grocery,Coffee Beans,store,2,13.76,27.52
737,2025-08-16,West,Grocery,Coffee Beans,online,7,14.26,99.82
738,2025-06-17,West,Electronics,Laptop,online,1,933.81,933.81
739,2025-03-17,Midwest,Apparel,Jeans,store,6,46.54,279.24
740,2025-06-03,South,Grocery,Olive Oil,store,1,12.59,12.59
741,2025-11-10,Midwest,Home,Lamp,online,1,34.54,34.54
742,2025-01-01,South,Electronics,Headphones,online,4,76.91,307.64
743,2025-11-17,West,Grocery,Pasta,store,12,3.48,41.76
744,2025-03-30,East,Grocery,Pasta,store,3,3.38,10.14
745,2025-03-10,West,Electronics,Laptop,store,3,913.2,2739.6
746,2025-02-13,West,Grocery,Pasta,store,8,3.54,28.32
747,2025-09-18,Midwest,Grocery,Pasta,online,1,3.39,3.39
748,2025-10-23,East,Apparel,Jeans,store,1,45.76,45.76
749,2025-10-18,South,Electronics,Phone Case,store,2,25.11,50.22
750,2025-03-14,Northeast,Apparel,Jeans,online,2,48.11,96.22
751,2025-05-06,West,Apparel,Jacket,online,1,92.59,92.59
752,2025-08-29,Midwest,Apparel,Jeans,store,5,50.21,251.05
753,2025-05-29,West,Apparel,Jacket,store,8,85.1,680.8
754,2025-10-24,West,Electronics,Phone Case,store,6,24.74,148.44
755,2025-09-06,West,Electronics,Headphones,store,0,76.1,0.0
756,2025-05-12,West,Electronics,Phone Case,online,3,24.98,74.94
757,2025-12-04,West,Home,Lamp,online,6,34.95,209.7
758,2025-02-13,Northeast,Home,Lamp,store,4,35.95,143.8
759,2025-12-05,West,Home,Blender,store,8,56.37,450.96
760,2025-01-27,West,Grocery,Pasta,store,4,3.49,13.96
761,2025-07-14,Midwest,Grocery,Pasta,online,7,3.51,24.57
762,2025-01-07,Midwest,Grocery,Olive Oil,store,1,12.55,12.55
763,2025-02-19,South,Grocery,Olive Oil,store,5,11.8,59.0
764,2025-02-20,Northeast,Grocery,Pasta,online,4,3.58,14.32
765,2025-09-24,East,Apparel,Jacket,online,2,90.54,181.08
766,2025-01-07,Northeast,Electronics,Phone Case,store,5,23.64,118.2
767,2025-05-09,West,Electronics,Laptop,online,2,939.5,1879.0
768,2025-12-29,West,Home,Lamp,online,8,36.39,291.12
769,2025-05-31,West,Grocery,Pasta,store,6,3.57,21.42
770,2025-05-12,West,Electronics,Headphones,online,0,78.07,0.0
771,2025-01-31,South,Home,Lamp,online,4,34.97,139.88
772,2025-11-09,West,Grocery,Coffee Beans,online,11,14.06,154.66
773,2025-11-11,Midwest,Apparel,T-Shirt,online,5,17.23,86.15
774,2025-08-17,West,Grocery,Coffee Beans,online,7,14.61,102.27
775,2025-05-17,West,Apparel,Jeans,online,8,48.07,384.56
776,2025-09-02,West,Home,Blender,store,8,61.68,493.44
777,2025-03-04,South,Apparel,Jacket,store,2,88.12,176.24
778,2025-07-07,South,Electronics,Headphones,store,0,80.17,0.0
779,2025-01-21,East,Apparel,Jacket,store,6,92.53,555.18
780,2025-09-07,West,Grocery,Olive Oil,online,4,11.57,46.28
781,2025-01-13,Northeast,Home,Lamp,store,5,33.47,167.35
782,2025-09-13,Midwest,Electronics,Laptop,store,1,859.09,859.09
783,2025-07-27,West,Grocery,Olive Oil,online,4,12.29,49.16
784,2025-02-06,West,Home,Lamp,online,1,34.9,34.9
785,2025-05-05,East,Electronics,Laptop,online,2,935.38,1870.76
786,2025-08-22,Northeast,Electronics,Laptop,online,4,898.74,3594.96
787,2025-02-02,Midwest,Apparel,Jacket,store,3,87.44,262.32
788,2025-06-14,East,Electronics,Phone Case,online,2,23.61,47.22
789,2025-05-21,West,Grocery,Coffee Beans,store,8,14.07,112.56
790,2025-05-05,West,Home,Blender,store,1,60.64,60.64
791,2025-09-07,West,Electronics,Laptop,online,5,917.59,4587.95
792,2025-08-02,Midwest,Home,Blender,online,8,59.82,478.56
793,2025-07-30,East,Electronics,Phone Case,online,2,24.52,49.04
794,2025-11-18,South,Apparel,Jeans,online,4,48.28,193.12
795,2025-03-02,West,Apparel,Jacket,online,4,88.68,354.72
796,2025-05-22,West,Electronics,Laptop,store,3,898.78,2696.34
797,2025-12-10,West,Apparel,Jeans,online,13,47.69,619.97
798,2025-08-21,West,Electronics,Phone Case,online,1,23.18,23.18
799,2025-09-06,West,Home,Towel Set,store,6,28.26,169.56
800,2025-08-03,South,Home,Blender,store,4,57.39,229.56
801,2025-07-31,Midwest,Home,Blender,store,1,59.5,59.5
802,2025-08-12,West,Grocery,Coffee Beans,store,8,13.82,110.56
803,2025-04-10,South,Home,Lamp,online,1,33.36,33.36
804,2025-05-24,West,Grocery,Pasta,store,6,3.38,20.28
805,2025-04-23,Northeast,Home,Towel Set,online,4,28.22,112.88
806,2025-02-14,Northeast,Grocery,Coffee Beans,store,5,14.47,72.35
807,2025-01-08,East,Home,Lamp,store,3,35.28,105.84
808,2025-10-21,Midwest,Electronics,Laptop,store,1,919.99,919.99
809,2025-08-06,Midwest,Electronics,Headphones,store,1,76.95,76.95
810,2025-12-21,East,Home,Lamp,store,2,34.09,68.18
811,2025-01-09,South,Home,Towel Set,store,1,29.0,29.0
812,2025-08-21,East,Grocery,Coffee Beans,store,1,14.18,14.18
813,2025-11-18,West,Apparel,Jacket,online,13,87.19,1133.47
814,2025-11-10,East,Electronics,Phone Case,store,1,24.57,24.57
815,2025-09-21,South,Electronics,Laptop,store,1,886.92,886.92
816,2025-07-07,Northeast,Electronics,Phone Case,online,6,23.13,138.78
817,2025-05-03,Midwest,Home,Towel Set,online,5,27.5,137.5
818,2025-09-15,South,Electronics,Laptop,store,8,885.09,7080.72
819,2025-09-14,West,Grocery,Olive Oil,store,6,11.94,71.64
820,2025-12-11,West,Home,Lamp,online,8,33.53,268.24
821,2025-02-09,West,Apparel,T-Shirt,online,4,17.99,71.96
822,2025-09-24,West,Apparel,Jeans,online,7,47.87,335.09
823,2025-08-16,West,Apparel,T-Shirt,online,4,17.14,68.56
824,2025-09-24,Midwest,Apparel,Jacket,store,8,88.88,711.04
825,2025-08-23,East,Apparel,T-Shirt,store,6,17.51,105.06
826,2025-05-28,West,Home,Lamp,store,3,34.85,104.55
827,2025-11-13,Northeast,Apparel,T-Shirt,online,3,18.61,55.83
828,2025-03-24,West,Apparel,Jacket,online,6,88.47,530.82
829,2025-04-05,West,Apparel,Jeans,online,3,47.39,142.17
830,2025-10-01,West,Electronics,Headphones,store,7,81.12,567.84
831,2025-01-03,Northeast,Apparel,Jacket,store,5,88.77,443.85
832,2025-10-21,Northeast,Grocery,Pasta,online,1,3.58,3.58
833,2025-03-13,West,Apparel,T-Shirt,store,4,18.21,72.84
834,2025-08-17,South,Electronics,Phone Case,online,4,24.2,96.8
835,2025-05-23,West,Grocery,Olive Oil,online,7,12.57,87.99
836,2025-04-10,Northeast,Electronics,Phone Case,store,7,23.75,166.25
837,2025-07-09,West,Apparel,Jeans,store,8,47.08,376.64
838,2025-10-15,West,Grocery,Olive Oil,store,9,12.36,111.24
839,2025-08-06,Midwest,Home,Towel Set,online,5,27.0,135.0
840,2025-09-01,Northeast,Apparel,T-Shirt,store,7,17.26,120.82
841,2025-11-24,Midwest,Home,Towel Set,store,3,28.59,85.77
842,2025-04-13,Midwest,Apparel,Jacket,store,5,84.93,424.65
843,2025-10-27,West,Grocery,Coffee Beans,online,8,14.41,115.28
844,2025-06-03,Midwest,Electronics,Phone Case,store,8,23.8,190.4
845,2025-12-19,West,Electronics,Headphones,store,8,82.91,663.28
846,2025-07-05,Northeast,Grocery,Pasta,store,2,3.67,7.34
847,2025-07-11,Northeast,Electronics,Headphones,online,0,79.65,0.0
848,2025-08-25,East,Apparel,T-Shirt,online,7,17.59,123.13
849,2025-11-22,South,Electronics,Headphones,store,5,79.23,396.15
850,2025-04-10,East,Electronics,Phone Case,online,6,24.1,144.6
851,2025-12-17,South,Apparel,T-Shirt,store,1,18.58,18.58
852,2025-03-12,South,Grocery,Pasta,store,3,3.65,10.95
853,2025-02-22,Northeast,Home,Blender,online,2,58.51,117.02
854,2025-03-01,West,Grocery,Pasta,store,3,3.57,10.71
855,2025-08-15,Northeast,Apparel,T-Shirt,store,2,17.15,34.3
856,2025-04-24,West,Home,Towel Set,online,4,27.46,109.84
857,2025-03-08,Midwest,Electronics,Laptop,online,7,923.69,6465.83
858,2025-01-22,West,Electronics,Headphones,online,0,82.23,0.0
859,2025-06-04,West,Electronics,Phone Case,online,4,24.21,96.84
860,2025-04-05,West,Electronics,Laptop,store,6,939.35,5636.1
861,2025-06-30,West,Home,Towel Set,online,1,26.88,26.88
862,2025-09-28,East,Apparel,T-Shirt,online,2,18.85,37.7
863,2025-04-20,Midwest,Apparel,Jacket,online,2,88.46,176.92
864,2025-04-03,Midwest,Grocery,Coffee Beans,online,6,13.87,83.22
865,2025-03-05,Northeast,Home,Lamp,store,1,35.72,35.72
866,2025-02-12,West,Grocery,Pasta,store,5,3.54,17.7
867,2025-12-18,Midwest,Home,Towel Set,store,7,27.41,191.87
868,2025-04-07,Midwest,Apparel,T-Shirt,online,8,18.9,151.2
869,2025-12-11,West,Grocery,Olive Oil,online,13,11.54,150.02
870,2025-12-22,West,Home,Blender,store,10,61.8,618.0
871,2025-11-01,Midwest,Electronics,Laptop,store,5,919.25,4596.25
872,2025-10-25,Midwest,Apparel,Jeans,store,5,50.34,251.7
873,2025-03-17,West,Electronics,Headphones,store,2,78.98,157.96
874,2025-01-16,West,Electronics,Laptop,store,3,915.01,2745.03
875,2025-07-15,South,Home,Lamp,online,8,35.91,287.28
876,2025-08-27,Midwest,Grocery,Olive Oil,store,1,12.05,12.05
877,2025-01-17,West,Grocery,Pasta,store,8,3.62,28.96
878,2025-08-24,West,Home,Towel Set,store,3,29.08,87.24
879,2025-09-09,South,Grocery,Pasta,online,8,3.52,28.16
880,2025-12-04,Northeast,Grocery,Pasta,online,7,3.5,24.5
881,2025-05-15,Midwest,Apparel,Jeans,store,1,45.89,45.89
882,2025-03-07,South,Electronics,Phone Case,store,7,23.71,165.97
883,2025-06-26,Midwest,Apparel,T-Shirt,online,5,17.55,87.75
884,2025-10-31,West,Electronics,Headphones,online,5,77.72,388.6
885,2025-01-20,Midwest,Grocery,Pasta,online,1,3.57,3.57
886,2025-06-12,Midwest,Apparel,Jacket,online,2,91.74,183.48
887,2025-12-20,South,Grocery,Olive Oil,store,5,11.6,58.0
888,2025-07-06,East,Grocery,Olive Oil,online,4,12.41,49.64
889,2025-05-28,South,Grocery,Coffee Beans,online,2,14.3,28.6
890,2025-10-31,West,Electronics,Phone Case,store,9,23.83,214.47
891,2025-11-30,Northeast,Apparel,Jeans,store,7,46.56,325.92
892,2025-05-09,Midwest,Home,Blender,online,4,59.45,237.8
893,2025-12-05,Midwest,Apparel,Jacket,store,1,92.87,92.87
894,2025-09-25,Midwest,Home,Blender,online,5,60.45,302.25
895,2025-08-11,West,Home,Lamp,store,3,36.13,108.39
896,2025-05-12,East,Grocery,Coffee Beans,online,1,13.51,13.51
897,2025-05-06,South,Grocery,Pasta,store,1,3.47,3.47
898,2025-04-14,West,Home,Blender,store,5,60.71,303.55
899,2025-12-04,West,Grocery,Coffee Beans,online,7,14.5,101.5
900,2025-11-05,West,Electronics,Headphones,store,12,80.36,964.32
901,2025-03-13,Northeast,Electronics,Phone Case,store,2,23.99,47.98
902,2025-05-02,South,Apparel,Jacket,store,4,91.72,366.88
903,2025-08-05,West,Home,Blender,store,5,58.64,293.2
904,2025-10-29,West,Apparel,Jacket,online,13,87.37,1135.81
905,2025-12-16,West,Apparel,T-Shirt,store,11,17.96,197.56
906,2025-01-11,Northeast,Electronics,Phone Case,online,4,24.46,97.84
907,2025-05-10,South,Apparel,Jacket,online,4,89.31,357.24
908,2025-08-15,Midwest,Apparel,Jeans,online,4,50.09,200.36
909,2025-06-02,East,Grocery,Olive Oil,store,7,12.46,87.22
910,2025-01-18,West,Grocery,Pasta,store,6,3.65,21.9
911,2025-08-05,West,Home,Towel Set,store,6,28.02,168.12
912,2025-08-04,Northeast,Apparel,Jeans,online,3,49.26,147.78
913,2025-11-19,West,Home,Blender,store,10,57.23,572.3
914,2025-10-22,West,Home,Blender,online,12,61.05,732.6
915,2025-08-20,East,Apparel,T-Shirt,store,4,18.54,74.16
916,2025-02-13,East,Grocery,Pasta,online,1,3.33,3.33
917,2025-10-13,East,Electronics,Headphones,online,1,77.12,77.12
918,2025-07-25,Northeast,Apparel,T-Shirt,online,3,18.82,56.46
919,2025-10-18,West,Grocery,Pasta,store,8,3.37,26.96
920,2025-05-17,Midwest,Grocery,Coffee Beans,store,4,14.5,58.0
921,2025-05-25,East,Grocery,Coffee Beans,store,1,14.41,14.41
922,2025-05-29,East,Grocery,Coffee Beans,store,8,14.12,112.96
923,2025-02-13,West,Home,Lamp,store,7,35.65,249.55
924,2025-12-29,West,Apparel,T-Shirt,online,6,18.1,108.6
925,2025-05-01,South,Electronics,Laptop,store,7,899.41,6295.87
926,2025-06-04,South,Home,Towel Set,online,5,28.23,141.15
927,2025-03-28,South,Grocery,Coffee Beans,online,7,13.74,96.18
928,2025-03-14,South,Electronics,Laptop,store,5,932.41,4662.05
929,2025-07-04,South,Apparel,Jacket,store,7,89.15,624.05
930,2025-03-26,Midwest,Home,Towel Set,store,3,26.75,80.25
931,2025-01-28,West,Grocery,Pasta,online,7,3.57,24.99
932,2025-03-01,Midwest,Electronics,Headphones,store,4,82.86,331.44
933,2025-09-10,West,Home,Blender,store,5,56.6,283.0
934,2025-04-03,Northeast,Apparel,Jacket,online,1,89.74,89.74
935,2025-09-27,East,Grocery,Coffee Beans,online,2,14.38,28.76
936,2025-06-18,West,Electronics,Headphones,store,3,79.71,239.13
937,2025-03-20,West,Grocery,Olive Oil,store,5,11.94,59.7
938,2025-11-01,South,Electronics,Phone Case,store,3,23.58,70.74
939,2025-04-19,South,Apparel,T-Shirt,online,7,18.08,126.56
940,2025-02-17,East,Home,Lamp,online,4,33.32,133.28
941,2025-03-25,Midwest,Apparel,Jacket,online,8,85.62,684.96
942,2025-08-10,South,Home,Lamp,online,4,36.16,144.64
943,2025-09-08,Midwest,Grocery,Pasta,store,7,3.36,23.52
944,2025-07-08,Midwest,Grocery,Coffee Beans,online,8,14.02,112.16
945,2025-12-13,West,Home,Lamp,online,10,34.27,342.7
946,2025-09-02,East,Apparel,T-Shirt,store,1,17.63,17.63
947,2025-10-10,West,Electronics,Phone Case,online,10,24.03,240.3
948,2025-08-26,Northeast,Apparel,Jeans,store,1,48.41,48.41
949,2025-02-28,Midwest,Home,Blender,store,7,56.32,394.24
950,2025-12-27,West,Grocery,Olive Oil,store,10,12.15,121.5
951,2025-04-06,West,Apparel,Jacket,online,1,88.41,88.41
952,2025-01-03,West,Home,Towel Set,store,7,27.89,195.23
953,2025-12-03,Northeast,Grocery,Pasta,store,7,3.57,24.99
954,2025-06-04,West,Home,Blender,online,1,56.71,56.71
955,2025-12-23,West,Home,Lamp,online,15,35.52,532.8
956,2025-10-03,West,Apparel,Jeans,online,4,47.88,191.52
957,2025-03-27,Midwest,Grocery,Pasta,online,4,3.63,14.52
958,2025-04-14,Midwest,Electronics,Headphones,online,4,75.86,303.44
959,2025-08-01,Northeast,Apparel,T-Shirt,store,8,17.82,142.56
960,2025-04-29,Northeast,Electronics,Headphones,store,0,79.42,0.0
961,2025-11-28,West,Grocery,Coffee Beans,store,12,14.17,170.04
962,2025-12-24,West,Home,Lamp,online,12,34.89,418.68
963,2025-09-17,South,Grocery,Coffee Beans,store,7,14.31,100.17
964,2025-08-02,South,Grocery,Coffee Beans,online,2,13.7,27.4
965,2025-12-08,East,Home,Blender,store,7,56.65,396.55
966,2025-09-10,East,Electronics,Laptop,store,6,933.24,5599.44
967,2025-12-13,West,Electronics,Laptop,store,7,892.76,6249.32
968,2025-10-15,West,Apparel,Jeans,store,9,49.29,443.61
969,2025-12-20,Northeast,Electronics,Phone Case,online,8,25.02,200.16
970,2025-08-23,West,Electronics,Phone Case,online,1,24.78,24.78
971,2025-09-17,West,Electronics,Laptop,store,5,868.17,4340.85
972,2025-12-29,West,Grocery,Olive Oil,online,11,11.59,127.49
973,2025-03-12,West,Home,Lamp,store,1,35.94,35.94
974,2025-05-06,Midwest,Apparel,Jeans,online,6,46.01,276.06
975,2025-08-01,East,Home,Towel Set,store,3,28.8,86.4
976,2025-08-08,Midwest,Grocery,Olive Oil,store,8,12.53,100.24
977,2025-03-16,Northeast,Electronics,Laptop,store,3,882.35,2647.05
978,2025-08-11,West,Electronics,Phone Case,online,1,24.97,24.97
979,2025-11-20,Northeast,Apparel,Jeans,store,5,49.85,249.25
980,2025-06-10,West,Apparel,Jacket,online,8,90.78,726.24
981,2025-11-26,West,Grocery,Olive Oil,store,11,12.47,137.17
982,2025-06-04,West,Apparel,Jeans,online,5,48.1,240.5
983,2025-04-20,West,Apparel,Jacket,store,3,91.29,273.87
984,2025-01-12,West,Apparel,T-Shirt,store,2,18.41,36.82
985,2025-01-31,South,Apparel,T-Shirt,online,2,18.46,36.92
986,2025-08-18,West,Grocery,Pasta,online,4,3.61,14.44
987,2025-06-29,Northeast,Home,Towel Set,store,4,28.06,112.24
988,2025-02-23,Northeast,Home,Lamp,store,7,33.59,235.13
989,2025-07-30,West,Electronics,Headphones,online,0,78.81,0.0
990,2025-07-09,Midwest,Grocery,Pasta,store,8,3.55,28.4
991,2025-12-19,Midwest,Grocery,Coffee Beans,online,8,14.01,112.08
992,2025-12-31,Northeast,Electronics,Phone Case,online,1,23.89,23.89
993,2025-03-22,South,Electronics,Phone Case,store,6,23.06,138.36
994,2025-10-20,West,Home,Blender,store,11,57.85,636.35
995,2025-05-31,East,Home,Towel Set,store,5,26.74,133.7
996,2025-05-26,Midwest,Electronics,Laptop,store,1,860.12,860.12
997,2025-08-02,South,Grocery,Pasta,store,3,3.49,10.47
998,2025-03-12,Midwest,Grocery,Olive Oil,store,6,11.58,69.48
999,2025-02-15,Northeast,Grocery,Pasta,online,6,3.64,21.84
1000,2025-10-04,West,Grocery,Olive Oil,store,11,12.18,133.98
1001,2025-01-13,South,Electronics,Phone Case,online,1,23.26,23.26
1002,2025-10-19,Midwest,Electronics,Laptop,online,5,940.57,4702.85
1003,2025-04-16,Northeast,Grocery,Coffee Beans,store,1,13.86,13.86
1004,2025-09-09,West,Apparel,Jeans,online,6,47.59,285.54
1005,2025-07-15,West,Electronics,Phone Case,online,3,23.48,70.44
1006,2025-05-11,East,Apparel,Jeans,online,6,45.88,275.28
1007,2025-04-03,West,Electronics,Headphones,store,0,75.83,0.0
1008,2025-06-15,West,Electronics,Laptop,online,4,921.67,3686.68
1009,2025-09-10,Northeast,Grocery,Coffee Beans,store,8,13.38,107.04
1010,2025-10-11,West,Grocery,Coffee Beans,store,6,14.19,85.14
1011,2025-10-11,West,Home,Towel Set,online,13,27.45,356.85
1012,2025-02-12,Northeast,Home,Blender,store,3,59.24,177.72
1013,2025-05-06,Midwest,Grocery,Coffee Beans,online,5,14.44,72.2
1014,2025-12-01,West,Electronics,Headphones,store,9,79.77,717.93
1015,2025-11-20,West,Apparel,T-Shirt,online,7,18.43,129.01
1016,2025-02-15,West,Home,Towel Set,store,4,29.06,116.24
1017,2025-11-09,South,Apparel,Jacket,store,8,93.27,746.16
1018,2025-05-20,South,Apparel,T-Shirt,store,6,18.83,112.98
1019,2025-01-09,East,Electronics,Phone Case,store,1,22.81,22.81
1020,2025-12-11,West,Grocery,Pasta,online,9,3.6,32.4
1021,2025-01-16,Midwest,Electronics,Headphones,store,0,81.59,0.0
1022,2025-04-01,West,Electronics,Headphones,store,0,82.45,0.0
1023,2025-04-24,South,Apparel,T-Shirt,online,5,18.57,92.85
1024,2025-04-24,Midwest,Apparel,T-Shirt,store,4,17.99,71.96
1025,2025-01-04,Midwest,Electronics,Headphones,store,0,76.4,0.0
1026,2025-10-17,Northeast,Home,Blender,online,3,60.45,181.35
1027,2025-05-13,East,Apparel,T-Shirt,online,5,18.89,94.45
1028,2025-12-15,Midwest,Electronics,Headphones,online,0,81.8,0.0
1029,2025-07-28,Northeast,Grocery,Pasta,store,1,3.51,3.51
1030,2025-04-25,West,Grocery,Olive Oil,store,7,11.78,82.46
1031,2025-04-10,Northeast,Electronics,Phone Case,online,7,25.15,176.05
1032,2025-02-08,East,Home,Lamp,store,2,33.47,66.94
1033,2025-01-15,West,Apparel,Jeans,online,4,46.12,184.48
1034,2025-06-24,South,Home,Blender,store,8,60.56,484.48
1035,2025-10-24,West,Electronics,Laptop,store,6,882.21,5293.26
1036,2025-02-01,Midwest,Electronics,Headphones,store,5,75.57,377.85
1037,2025-01-27,Midwest,Grocery,Coffee Beans,store,1,13.63,13.63
1038,2025-08-21,Midwest,Electronics,Headphones,online,0,78.64,0.0
1039,2025-04-09,West,Electronics,Phone Case,online,4,24.22,96.88
1040,2025-10-21,West,Apparel,Jeans,store,12,47.91,574.92
1041,2025-05-05,West,Electronics,Laptop,online,7,882.07,6174.49
1042,2025-09-20,South,Apparel,Jacket,online,5,85.86,429.3
1043,2025-11-05,West,Apparel,T-Shirt,online,7,17.2,120.4
1044,2025-06-26,East,Home,Blender,store,8,57.17,457.36
1045,2025-12-22,Midwest,Apparel,Jacket,store,7,90.03,630.21
1046,2025-06-18,West,Grocery,Coffee Beans,store,1,13.61,13.61
1047,2025-11-24,West,Home,Lamp,online,14,34.09,477.26
1048,2025-07-12,East,Electronics,Headphones,online,0,75.63,0.0
1049,2025-02-28,West,Grocery,Coffee Beans,store,1,13.36,13.36
1050,2025-04-12,East,Home,Lamp,online,4,34.44,137.76
1051,2025-04-02,East,Apparel,T-Shirt,online,3,18.6,55.8
1052,2025-07-14,West,Apparel,T-Shirt,store,6,17.92,107.52
1053,2025-07-10,Northeast,Grocery,Olive Oil,online,3,11.54,34.62
1054,2025-04-08,Midwest,Apparel,Jeans,store,4,50.29,201.16
1055,2025-01-24,Northeast,Home,Towel Set,store,6,28.81,172.86
1056,2025-05-07,West,Apparel,T-Shirt,store,2,17.48,34.96
1057,2025-08-29,Northeast,Electronics,Laptop,store,6,921.59,5529.54
1058,2025-09-13,East,Apparel,Jacket,store,8,89.23,713.84
1059,2025-09-11,Northeast,Grocery,Olive Oil,online,4,11.65,46.6
1060,2025-08-20,Midwest,Home,Lamp,store,3,36.36,109.08
1061,2025-07-11,West,Home,Blender,store,6,58.67,352.02
1062,2025-04-28,Midwest,Apparel,Jeans,store,7,47.84,334.88
1063,2025-07-08,South,Apparel,Jeans,online,4,46.46,185.84
1064,2025-05-16,South,Electronics,Headphones,online,1,81.26,81.26
1065,2025-03-02,West,Electronics,Phone Case,online,6,23.6,141.6
1066,2025-05-09,South,Home,Towel Set,online,5,29.4,147.0
1067,2025-01-05,South,Apparel,Jeans,store,1,49.54,49.54
1068,2025-08-30,East,Grocery,Coffee Beans,online,4,14.31,57.24
1069,2025-08-31,Northeast,Grocery,Olive Oil,store,2,11.81,23.62
1070,2025-06-10,Midwest,Grocery,Coffee Beans,store,1,13.93,13.93
1071,2025-07-11,West,Home,Lamp,online,6,35.0,210.0
1072,2025-06-23,Midwest,Grocery,Olive Oil,store,1,11.79,11.79
1073,2025-10-18,East,Home,Lamp,store,4,36.68,146.72
1074,2025-07-20,West,Grocery,Coffee Beans,store,8,13.45,107.6
1075,2025-11-24,West,Home,Blender,online,11,56.24,618.64
1076,2025-04-06,Midwest,Apparel,T-Shirt,online,2,17.62,35.24
1077,2025-08-21,West,Electronics,Laptop,store,7,931.34,6519.38
1078,2025-07-20,West,Electronics,Laptop,store,2,897.04,1794.08
1079,2025-07-19,East,Home,Blender,store,8,58.6,468.8
1080,2025-03-23,South,Home,Towel Set,store,1,27.37,27.37
1081,2025-03-15,Midwest,Home,Towel Set,store,8,29.15,233.2
1082,2025-08-24,West,Electronics,Headphones,store,3,77.79,233.37
1083,2025-07-20,East,Grocery,Coffee Beans,online,7,14.56,101.92
1084,2025-08-23,East,Electronics,Headphones,online,3,76.94,230.82
1085,2025-11-18,West,Home,Lamp,store,7,36.72,257.04
1086,2025-02-09,Northeast,Apparel,Jeans,store,4,46.39,185.56
1087,2025-09-17,West,Electronics,Laptop,store,7,888.32,6218.24
1088,2025-04-10,West,Apparel,T-Shirt,online,8,17.69,141.52
1089,2025-09-06,West,Home,Towel Set,store,5,26.99,134.95
1090,2025-03-24,West,Electronics,Phone Case,online,2,23.23,46.46
1091,2025-10-01,East,Electronics,Phone Case,online,3,24.43,73.29
1092,2025-08-14,East,Electronics,Phone Case,online,1,23.86,23.86
1093,2025-11-22,West,Grocery,Olive Oil,store,4,11.93,47.72
1094,2025-07-13,East,Apparel,T-Shirt,online,7,17.26,120.82
1095,2025-01-15,South,Home,Towel Set,online,2,27.22,54.44
1096,2025-12-07,West,Home,Blender,store,11,59.07,649.77
1097,2025-10-15,Northeast,Home,Towel Set,store,2,29.23,58.46
1098,2025-04-29,South,Apparel,T-Shirt,online,6,17.82,106.92
1099,2025-01-07,Midwest,Home,Blender,store,6,59.88,359.28
1100,2025-01-23,West,Home,Lamp,store,8,35.94,287.52
1101,2025-02-22,Northeast,Home,Lamp,online,7,35.35,247.45
1102,2025-12-14,East,Apparel,T-Shirt,store,8,18.86,150.88
1103,2025-02-04,Northeast,Grocery,Pasta,online,1,3.5,3.5
1104,2025-04-30,West,Electronics,Headphones,online,5,80.88,404.4
1105,2025-02-10,West,Apparel,Jeans,store,7,46.57,325.99
1106,2025-04-15,East,Grocery,Olive Oil,store,6,11.56,69.36
1107,2025-11-26,West,Grocery,Olive Oil,store,12,12.3,147.6
1108,2025-06-19,East,Electronics,Phone Case,online,4,24.72,98.88
1109,2025-11-08,Northeast,Apparel,T-Shirt,store,2,18.23,36.46
1110,2025-09-09,West,Home,Blender,online,3,61.59,184.77
1111,2025-02-16,West,Home,Blender,online,8,58.56,468.48
1112,2025-06-09,West,Home,Blender,store,4,57.09,228.36
1113,2025-06-05,Midwest,Home,Lamp,store,6,33.53,201.18
1114,2025-07-23,Midwest,Grocery,Pasta,store,8,3.59,28.72
1115,2025-01-11,Midwest,Electronics,Headphones,online,0,79.42,0.0
1116,2025-07-14,Midwest,Apparel,Jeans,store,3,45.95,137.85
1117,2025-08-29,East,Electronics,Laptop,store,7,898.23,6287.61
1118,2025-07-22,South,Grocery,Pasta,store,2,3.55,7.1
1119,2025-07-29,West,Grocery,Olive Oil,online,7,11.63,81.41
1120,2025-05-11,South,Grocery,Olive Oil,store,7,12.24,85.68
1121,2025-08-06,East,Grocery,Coffee Beans,store,1,14.18,14.18
1122,2025-12-24,East,Apparel,Jacket,store,3,92.95,278.85
1123,2025-05-11,Northeast,Home,Blender,online,7,60.6,424.2
1124,2025-07-23,West,Home,Lamp,online,5,36.15,180.75
1125,2025-12-21,West,Grocery,Olive Oil,store,5,12.28,61.4
1126,2025-11-22,South,Home,Lamp,online,7,36.51,255.57
1127,2025-12-24,West,Home,Lamp,online,14,33.59,470.26
1128,2025-08-02,Midwest,Home,Blender,store,3,57.15,171.45
1129,2025-04-12,Northeast,Electronics,Headphones,online,0,76.52,0.0
1130,2025-04-04,East,Apparel,Jeans,store,2,48.61,97.22
1131,2025-11-22,West,Apparel,T-Shirt,store,7,17.32,121.24
1132,2025-01-16,Midwest,Grocery,Olive Oil,online,5,11.41,57.05
1133,2025-01-04,West,Electronics,Laptop,online,5,887.82,4439.1
1134,2025-09-06,South,Grocery,Pasta,store,6,3.56,21.36
1135,2025-06-11,South,Grocery,Pasta,online,6,3.67,22.02
1136,2025-02-21,West,Grocery,Olive Oil,online,2,11.43,22.86
1137,2025-09-29,East,Apparel,Jeans,store,4,48.07,192.28
1138,2025-01-02,South,Electronics,Phone Case,store,6,24.9,149.4
1139,2025-12-14,West,Grocery,Pasta,online,16,3.45,55.2
1140,2025-12-25,Midwest,Apparel,Jacket,online,1,90.89,90.89
1141,2025-03-07,West,Apparel,Jacket,store,8,86.05,688.4
1142,2025-03-01,Northeast,Home,Blender,online,2,57.06,114.12
1143,2025-02-24,West,Home,Lamp,store,4,35.93,143.72
1144,2025-05-12,West,Home,Towel Set,store,6,26.85,161.1
1145,2025-04-25,Northeast,Electronics,Phone Case,store,7,23.7,165.9
1146,2025-12-01,Northeast,Grocery,Coffee Beans,online,5,13.66,68.3
1147,2025-02-14,West,Apparel,Jacket,online,2,91.18,182.36
1148,2025-10-21,West,Apparel,Jeans,online,10,47.09,470.9
1149,2025-08-05,South,Home,Towel Set,online,1,26.9,26.9
1150,2025-10-03,South,Home,Lamp,online,8,35.0,280.0
1151,2025-03-17,East,Electronics,Phone Case,store,2,23.54,47.08
1152,2025-05-21,Northeast,Grocery,Olive Oil,online,7,11.99,83.93
1153,2025-01-31,South,Home,Towel Set,online,4,28.97,115.88
1154,2025-12-25,East,Grocery,Olive Oil,store,3,11.76,35.28
1155,2025-01-12,South,Grocery,Olive Oil,store,7,12.59,88.13
1156,2025-07-20,West,Apparel,Jeans,online,7,48.97,342.79
1157,2025-02-19,West,Electronics,Phone Case,store,3,23.9,71.7
1158,2025-10-23,West,Grocery,Pasta,online,12,3.4,40.8
1159,2025-11-30,West,Electronics,Phone Case,online,15,23.7,355.5
1160,2025-03-28,West,Apparel,Jeans,online,2,50.14,100.28
1161,2025-09-21,Northeast,Grocery,Coffee Beans,store,2,13.64,27.28
1162,2025-05-04,South,Home,Towel Set,store,2,28.77,57.54
1163,2025-08-26,Midwest,Apparel,Jacket,store,2,87.82,175.64
1164,2025-03-01,West,Grocery,Olive Oil,online,8,11.43,91.44
1165,2025-05-21,West,Home,Lamp,store,7,36.75,257.25
1166,2025-06-02,West,Apparel,T-Shirt,online,1,17.83,17.83
1167,2025-07-21,Northeast,Grocery,Coffee Beans,online,4,14.35,57.4
1168,2025-12-04,East,Home,Blender,store,2,60.77,121.54
1169,2025-01-21,West,Home,Towel Set,online,5,26.85,134.25
1170,2025-01-18,West,Electronics,Phone Case,store,3,23.67,71.01
1171,2025-08-05,West,Home,Lamp,online,5,36.56,182.8
1172,2025-12-04,East,Grocery,Olive Oil,store,6,12.03,72.18
1173,2025-11-07,East,Electronics,Phone Case,online,4,23.37,93.48
1174,2025-03-14,East,Home,Towel Set,online,5,28.26,141.3
1175,2025-03-07,Midwest,Electronics,Phone Case,store,3,23.43,70.29
1176,2025-07-24,South,Grocery,Olive Oil,online,2,12.04,24.08
1177,2025-11-19,East,Apparel,Jacket,online,3,88.29,264.87
1178,2025-06-11,Midwest,Grocery,Coffee Beans,online,2,13.41,26.82
1179,2025-09-30,West,Grocery,Coffee Beans,store,6,14.2,85.2
1180,2025-06-20,East,Home,Lamp,online,4,33.59,134.36
1181,2025-07-13,West,Home,Towel Set,store,8,28.25,226.0
1182,2025-02-18,Northeast,Apparel,Jacket,store,1,89.96,89.96
1183,2025-03-29,Midwest,Home,Lamp,store,3,34.92,104.76
1184,2025-05-13,West,Home,Towel Set,online,5,27.0,135.0
1185,2025-01-28,South,Home,Towel Set,store,3,28.58,85.74
1186,2025-08-13,Midwest,Apparel,Jeans,store,4,48.1,192.4
1187,2025-06-06,West,Apparel,Jeans,store,2,49.66,99.32
1188,2025-02-09,West,Home,Towel Set,online,5,26.84,134.2
1189,2025-10-11,West,Grocery,Olive Oil,online,8,11.98,95.84
1190,2025-01-08,West,Grocery,Olive Oil,store,1,11.69,11.69
1191,2025-11-07,West,Home,Towel Set,online,10,27.09,270.9
1192,2025-09-21,West,Grocery,Pasta,store,2,3.38,6.76
1193,2025-06-23,East,Electronics,Headphones,store,0,78.87,0.0
1194,2025-01-02,Northeast,Grocery,Coffee Beans,store,1,14.6,14.6
1195,2025-08-26,Midwest,Electronics,Headphones,online,0,79.91,0.0
1196,2025-07-01,West,Apparel,Jacket,online,1,88.13,88.13
1197,2025-02-21,East,Electronics,Phone Case,online,8,23.79,190.32
1198,2025-01-04,West,Apparel,T-Shirt,store,5,17.81,89.05
1199,2025-07-06,East,Apparel,T-Shirt,store,8,18.28,146.24
1200,2025-03-24,West,Grocery,Coffee Beans,store,4,14.54,58.16
1201,2025-02-26,West,Home,Lamp,store,1,35.85,35.85
1202,2025-03-24,Midwest,Apparel,T-Shirt,store,8,17.98,143.84
1203,2025-12-16,South,Grocery,Olive Oil,store,2,11.56,23.12
1204,2025-01-11,West,Apparel,Jacket,online,4,91.38,365.52
1205,2025-01-27,South,Grocery,Olive Oil,online,5,11.92,59.6
1206,2025-05-25,Midwest,Home,Towel Set,online,3,28.64,85.92
1207,2025-05-08,West,Apparel,Jacket,online,7,90.48,633.36
1208,2025-04-12,West,Home,Blender,online,3,57.4,172.2
1209,2025-07-25,West,Home,Blender,store,4,56.15,224.6
1210,2025-02-16,Midwest,Grocery,Olive Oil,store,4,12.24,48.96
1211,2025-04-24,Midwest,Electronics,Phone Case,store,5,24.35,121.75
1212,2025-02-26,South,Apparel,Jacket,store,1,86.75,86.75
1213,2025-04-04,West,Electronics,Phone Case,store,8,23.31,186.48
1214,2025-05-24,West,Grocery,Coffee Beans,store,6,14.63,87.78
1215,2025-06-21,West,Electronics,Phone Case,online,6,23.59,141.54
1216,2025-10-29,South,Home,Towel Set,store,7,27.19,190.33
1217,2025-02-14,East,Electronics,Laptop,online,8,871.39,6971.12
1218,2025-02-20,West,Apparel,Jeans,store,4,50.35,201.4
1219,2025-10-01,West,Home,Blender,store,12,59.3,711.6
1220,2025-06-27,Midwest,Electronics,Headphones,online,0,78.86,0.0
1221,2025-09-15,East,Apparel,Jacket,online,1,87.13,87.13
1222,2025-12-22,West,Grocery,Pasta,online,14,3.38,47.32
1223,2025-07-19,South,Home,Blender,online,4,56.99,227.96
1224,2025-10-31,Northeast,Grocery,Olive Oil,store,4,11.76,47.04
1225,2025-06-01,Northeast,Electronics,Laptop,online,4,858.15,3432.6
1226,2025-05-30,West,Home,Lamp,online,1,34.2,34.2
1227,2025-11-25,East,Electronics,Laptop,store,6,910.93,5465.58
1228,2025-06-16,West,Apparel,Jacket,online,5,88.18,440.9
1229,2025-06-16,West,Apparel,T-Shirt,store,1,17.42,17.42
1230,2025-10-03,Northeast,Electronics,Phone Case,store,5,25.07,125.35
1231,2025-11-17,Northeast,Home,Lamp,online,4,34.38,137.52
1232,2025-10-25,Midwest,Home,Lamp,online,7,35.8,250.6
1233,2025-07-08,West,Grocery,Coffee Beans,store,3,13.55,40.65
1234,2025-04-01,Midwest,Home,Towel Set,store,3,26.66,79.98
1235,2025-04-01,Northeast,Home,Blender,online,4,56.48,225.92
1236,2025-08-21,Midwest,Electronics,Phone Case,online,1,24.54,24.54
1237,2025-11-05,West,Grocery,Coffee Beans,online,5,14.46,72.3
1238,2025-05-08,South,Home,Towel Set,online,1,28.82,28.82
1239,2025-02-24,South,Electronics,Laptop,online,8,897.24,7177.92
1240,2025-03-25,Midwest,Home,Blender,online,5,59.26,296.3
1241,2025-11-18,West,Electronics,Laptop,store,11,863.27,9495.97
1242,2025-01-01,West,Home,Lamp,store,5,33.77,168.85
1243,2025-04-26,Midwest,Electronics,Headphones,online,0,82.88,0.0
1244,2025-05-25,Northeast,Apparel,T-Shirt,store,2,18.76,37.52
1245,2025-01-23,East,Grocery,Olive Oil,store,7,12.12,84.84
1246,2025-03-18,South,Apparel,Jeans,online,8,46.9,375.2
1247,2025-12-05,West,Apparel,Jacket,online,11,91.57,1007.27
1248,2025-03-17,Midwest,Grocery,Olive Oil,store,2,12.38,24.76
1249,2025-10-23,West,Apparel,T-Shirt,online,7,17.68,123.76
1250,2025-07-17,Midwest,Grocery,Pasta,store,6,3.54,21.24
1251,2025-03-12,East,Grocery,Pasta,store,8,3.51,28.08
1252,2025-09-30,East,Grocery,Coffee Beans,store,4,14.04,56.16
1253,2025-12-26,West,Apparel,T-Shirt,online,6,18.89,113.34
1254,2025-10-13,East,Electronics,Laptop,store,3,886.49,2659.47
1255,2025-05-31,Northeast,Grocery,Coffee Beans,online,1,14.46,14.46
1256,2025-03-12,West,Home,Lamp,online,7,35.69,249.83
1257,2025-07-10,West,Electronics,Phone Case,online,3,23.94,71.82
1258,2025-01-16,West,Home,Blender,online,7,56.5,395.5
1259,2025-03-18,Midwest,Home,Towel Set,store,6,27.92,167.52
1260,2025-08-16,West,Apparel,T-Shirt,online,1,17.21,17.21
1261,2025-11-06,Northeast,Home,Blender,store,8,60.96,487.68
1262,2025-10-11,South,Apparel,Jacket,online,3,88.32,264.96
1263,2025-05-20,Northeast,Grocery,Coffee Beans,online,1,13.86,13.86
1264,2025-04-23,Northeast,Electronics,Phone Case,store,7,23.95,167.65
1265,2025-07-14,West,Apparel,Jacket,store,2,86.28,172.56
1266,2025-02-23,West,Apparel,T-Shirt,online,2,17.61,35.22
1267,2025-02-03,West,Apparel,T-Shirt,online,1,18.25,18.25
1268,2025-05-04,Northeast,Electronics,Phone Case,store,6,22.91,137.46
1269,2025-02-17,West,Apparel,Jeans,store,6,48.0,288.0
1270,2025-07-20,East,Electronics,Headphones,store,0,82.13,0.0
1271,2025-09-15,East,Electronics,Phone Case,store,1,23.94,23.94
1272,2025-05-29,West,Grocery,Coffee Beans,online,4,14.63,58.52
1273,2025-04-21,East,Home,Towel Set,store,3,27.85,83.55
1274,2025-06-23,Northeast,Grocery,Coffee Beans,store,2,13.63,27.26
1275,2025-03-20,Midwest,Electronics,Laptop,online,5,922.94,4614.7
1276,2025-10-08,West,Grocery,Coffee Beans,store,9,13.74,123.66
1277,2025-02-04,South,Apparel,T-Shirt,online,8,17.42,139.36
1278,2025-05-13,South,Grocery,Olive Oil,online,8,12.53,100.24
1279,2025-01-21,South,Grocery,Pasta,online,6,3.48,20.88
1280,2025-07-11,West,Grocery,Olive Oil,store,1,11.72,11.72
1281,2025-11-14,West,Home,Towel Set,online,7,27.03,189.21
1282,2025-07-12,West,Grocery,Coffee Beans,online,8,13.84,110.72
1283,2025-12-09,West,Grocery,Pasta,store,11,3.36,36.96
1284,2025-02-25,Midwest,Grocery,Coffee Beans,store,6,13.76,82.56
1285,2025-06-25,Midwest,Home,Towel Set,store,8,26.92,215.36
1286,2025-01-20,Midwest,Home,Towel Set,online,1,27.5,27.5
1287,2025-11-04,West,Apparel,Jeans,store,7,46.62,326.34
1288,2025-12-17,West,Apparel,Jacket,online,7,85.29,597.03
1289,2025-07-27,West,Grocery,Pasta,online,5,3.56,17.8
1290,2025-04-05,West,Grocery,Pasta,store,6,3.38,20.28
1291,2025-08-03,Northeast,Home,Towel Set,store,7,27.59,193.13
1292,2025-01-06,Northeast,Home,Blender,online,6,57.96,347.76
1293,2025-01-08,West,Grocery,Coffee Beans,store,2,14.51,29.02
1294,2025-12-12,West,Electronics,Headphones,online,8,80.06,640.48
1295,2025-01-19,East,Grocery,Olive Oil,online,4,12.12,48.48
1296,2025-06-28,East,Electronics,Headphones,store,5,75.18,375.9
1297,2025-03-05,Midwest,Grocery,Pasta,store,7,3.45,24.15
1298,2025-09-25,South,Electronics,Laptop,store,3,892.56,2677.68
1299,2025-10-11,Northeast,Grocery,Pasta,store,7,3.62,25.34
1300,2025-11-21,West,Electronics,Laptop,online,8,862.11,6896.88
1301,2025-07-30,West,Electronics,Phone Case,store,1,24.01,24.01
1302,2025-12-08,West,Grocery,Coffee Beans,online,10,14.39,143.9
1303,2025-04-11,West,Apparel,Jeans,store,7,49.96,349.72
1304,2025-01-04,East,Apparel,Jeans,store,7,47.08,329.56
1305,2025-12-11,West,Grocery,Coffee Beans,online,13,13.34,173.42
1306,2025-11-04,West,Home,Towel Set,store,11,27.28,300.08
1307,2025-11-12,West,Grocery,Coffee Beans,store,9,14.67,132.03
1308,2025-06-12,Midwest,Home,Blender,online,7,59.03,413.21
1309,2025-11-18,Northeast,Home,Lamp,online,1,33.58,33.58
1310,2025-08-12,West,Home,Blender,online,1,59.42,59.42
1311,2025-03-08,South,Home,Blender,online,4,57.8,231.2
1312,2025-07-13,West,Apparel,T-Shirt,online,2,18.23,36.46
1313,2025-02-26,Northeast,Electronics,Laptop,online,3,879.44,2638.32
1314,2025-02-17,West,Apparel,T-Shirt,store,1,17.28,17.28
1315,2025-07-31,West,Electronics,Laptop,store,6,887.79,5326.74
1316,2025-11-21,East,Home,Lamp,online,1,36.41,36.41
1317,2025-03-02,South,Grocery,Olive Oil,online,5,11.59,57.95
1318,2025-03-04,West,Electronics,Phone Case,online,6,23.32,139.92
1319,2025-02-28,West,Apparel,T-Shirt,online,3,17.25,51.75
1320,2025-05-18,East,Electronics,Headphones,store,4,78.74,314.96
1321,2025-09-20,East,Apparel,T-Shirt,online,5,18.34,91.7
1322,2025-07-21,West,Apparel,T-Shirt,online,8,18.82,150.56
1323,2025-08-10,Midwest,Apparel,Jeans,online,7,48.52,339.64
1324,2025-04-13,South,Electronics,Headphones,online,3,82.08,246.24
1325,2025-10-28,West,Apparel,Jeans,online,12,46.15,553.8
1326,2025-04-06,West,Home,Towel Set,store,6,27.64,165.84
1327,2025-03-04,West,Electronics,Phone Case,store,6,23.31,139.86
1328,2025-04-30,Midwest,Apparel,Jacket,online,2,89.24,178.48
1329,2025-10-15,West,Electronics,Phone Case,store,12,24.44,293.28
1330,2025-06-13,West,Grocery,Pasta,online,7,3.67,25.69
1331,2025-03-03,West,Home,Towel Set,store,4,28.26,113.04
1332,2025-10-23,West,Electronics,Phone Case,online,9,24.99,224.91
1333,2025-07-26,West,Electronics,Headphones,online,0,75.6,0.0
1334,2025-08-01,South,Apparel,Jeans,store,6,45.98,275.88
1335,2025-09-10,Midwest,Apparel,Jacket,store,2,88.94,177.88
1336,2025-07-11,West,Electronics,Laptop,online,3,928.26,2784.78
1337,2025-02-23,Midwest,Home,Blender,online,6,57.18,343.08
1338,2025-10-03,West,Apparel,T-Shirt,online,8,17.19,137.52
1339,2025-05-16,Northeast,Grocery,Pasta,online,8,3.65,29.2
1340,2025-03-03,West,Home,Towel Set,store,2,28.38,56.76
1341,2025-09-25,Northeast,Grocery,Olive Oil,store,6,12.57,75.42
1342,2025-09-05,South,Apparel,Jacket,online,4,87.69,350.76
1343,2025-12-04,East,Electronics,Laptop,store,1,859.47,859.47
1344,2025-12-10,West,Grocery,Coffee Beans,store,11,13.45,147.95
1345,2025-09-28,South,Apparel,Jacket,store,2,90.38,180.76
1346,2025-03-08,South,Grocery,Pasta,online,4,3.6,14.4
1347,2025-02-05,East,Apparel,Jacket,online,2,85.86,171.72
1348,2025-02-26,Midwest,Home,Lamp,online,8,34.92,279.36
1349,2025-06-30,Northeast,Electronics,Headphones,store,0,76.73,0.0
1350,2025-08-09,West,Grocery,Pasta,store,7,3.36,23.52
1351,2025-08-05,East,Grocery,Coffee Beans,store,8,14.04,112.32
1352,2025-09-23,West,Home,Blender,online,1,56.73,56.73
1353,2025-10-22,West,Electronics,Phone Case,online,13,23.46,304.98
1354,2025-07-21,West,Apparel,Jeans,online,4,46.42,185.68
1355,2025-06-27,Northeast,Apparel,Jacket,online,8,85.39,683.12
1356,2025-06-06,East,Home,Lamp,online,6,33.83,202.98
1357,2025-08-22,West,Electronics,Phone Case,store,1,23.83,23.83
1358,2025-04-01,West,Home,Towel Set,online,8,28.26,226.08
1359,2025-10-26,West,Home,Lamp,online,8,33.41,267.28
1360,2025-12-15,East,Home,Blender,online,6,56.64,339.84
1361,2025-08-20,South,Apparel,Jacket,store,8,86.81,694.48
1362,2025-01-07,South,Apparel,Jacket,store,1,85.55,85.55
1363,2025-03-17,East,Home,Lamp,store,7,33.36,233.52
1364,2025-07-04,West,Home,Lamp,online,8,36.63,293.04
1365,2025-09-27,West,Apparel,Jeans,store,5,48.43,242.15
1366,2025-06-08,Northeast,Apparel,Jacket,online,8,88.41,707.28
1367,2025-10-18,South,Apparel,T-Shirt,online,3,18.0,54.0
1368,2025-08-27,Northeast,Apparel,Jacket,online,5,87.25,436.25
1369,2025-02-03,West,Grocery,Coffee Beans,online,2,13.7,27.4
1370,2025-01-28,West,Grocery,Pasta,online,3,3.34,10.02
1371,2025-06-29,Northeast,Home,Blender,store,4,56.89,227.56
1372,2025-08-10,West,Apparel,T-Shirt,online,6,17.95,107.7
1373,2025-05-08,Midwest,Grocery,Pasta,online,5,3.64,18.2
1374,2025-11-02,West,Grocery,Olive Oil,store,11,12.37,136.07
1375,2025-04-13,Midwest,Home,Lamp,store,8,33.55,268.4
1376,2025-10-07,West,Grocery,Coffee Beans,online,13,14.04,182.52
1377,2025-12-17,Midwest,Apparel,Jeans,store,7,47.62,333.34
1378,2025-08-25,West,Electronics,Headphones,online,3,81.02,243.06
1379,2025-05-05,South,Home,Towel Set,store,7,26.75,187.25
1380,2025-03-06,West,Grocery,Olive Oil,store,2,12.41,24.82
1381,2025-01-29,West,Apparel,Jacket,online,8,91.87,734.96
1382,2025-12-20,West,Electronics,Laptop,online,10,917.12,9171.2
1383,2025-09-11,West,Home,Lamp,store,1,35.77,35.77
1384,2025-09-06,East,Electronics,Laptop,online,2,867.81,1735.62
1385,2025-09-24,West,Home,Blender,store,8,56.2,449.6
1386,2025-07-20,West,Electronics,Headphones,store,0,78.87,0.0
1387,2025-05-01,Northeast,Apparel,Jacket,store,2,92.2,184.4
1388,2025-08-10,West,Electronics,Laptop,online,4,927.64,3710.56
1389,2025-03-29,Northeast,Home,Lamp,store,2,34.27,68.54
1390,2025-10-29,South,Grocery,Pasta,online,7,3.49,24.43
1391,2025-03-17,West,Grocery,Coffee Beans,store,5,13.32,66.6
1392,2025-01-18,Northeast,Grocery,Coffee Beans,store,8,14.65,117.2
1393,2025-08-23,East,Apparel,Jacket,online,7,87.65,613.55
1394,2025-09-20,West,Home,Lamp,store,3,34.86,104.58
1395,2025-05-23,South,Grocery,Coffee Beans,store,8,13.83,110.64
1396,2025-11-07,Northeast,Apparel,T-Shirt,store,6,18.16,108.96
1397,2025-10-27,Midwest,Electronics,Laptop,online,3,930.65,2791.95
1398,2025-04-29,West,Electronics,Headphones,store,0,77.61,0.0
1399,2025-05-02,West,Home,Towel Set,store,7,28.72,201.04
1400,2025-02-02,West,Apparel,T-Shirt,online,2,18.62,37.24
1401,2025-08-15,Northeast,Electronics,Laptop,store,8,863.73,6909.84
1402,2025-07-13,West,Home,Blender,store,5,58.95,294.75
1403,2025-04-26,East,Grocery,Olive Oil,online,1,11.5,11.5
1404,2025-11-19,West,Home,Blender,online,12,61.32,735.84
1405,2025-10-18,West,Apparel,T-Shirt,store,11,17.44,191.84
1406,2025-08-31,South,Home,Blender,store,7,58.57,409.99
1407,2025-02-06,East,Apparel,T-Shirt,online,1,18.0,18.0
1408,2025-11-04,West,Home,Lamp,store,9,34.62,311.58
1409,2025-03-22,West,Home,Towel Set,store,1,27.72,27.72
1410,2025-10-07,West,Grocery,Pasta,online,12,3.34,40.08
1411,2025-04-13,West,Home,Blender,store,1,61.5,61.5
1412,2025-05-01,Northeast,Electronics,Headphones,online,5,82.55,412.75
1413,2025-02-11,Midwest,Home,Lamp,online,8,33.61,268.88
1414,2025-09-17,South,Grocery,Pasta,store,4,3.6,14.4
1415,2025-01-11,West,Home,Towel Set,store,1,28.51,28.51
1416,2025-10-10,Midwest,Grocery,Olive Oil,online,7,11.92,83.44
1417,2025-10-09,West,Grocery,Coffee Beans,store,12,13.79,165.48
1418,2025-01-30,West,Electronics,Laptop,store,1,921.25,921.25
1419,2025-01-08,East,Electronics,Laptop,online,3,865.44,2596.32
1420,2025-05-25,West,Apparel,Jacket,online,3,93.43,280.29
1421,2025-11-07,West,Electronics,Phone Case,online,10,22.98,229.8
1422,2025-12-28,South,Home,Lamp,store,5,36.54,182.7
1423,2025-12-01,West,Apparel,Jeans,online,15,45.86,687.9
1424,2025-11-15,West,Home,Blender,online,7,57.85,404.95
1425,2025-07-10,East,Electronics,Laptop,store,8,912.48,7299.84
1426,2025-02-28,West,Electronics,Headphones,store,0,79.7,0.0
1427,2025-02-13,West,Grocery,Pasta,online,7,3.63,25.41
1428,2025-08-16,West,Home,Lamp,online,1,35.56,35.56
1429,2025-12-05,West,Apparel,T-Shirt,store,12,18.76,225.12
1430,2025-04-21,South,Grocery,Pasta,online,7,3.61,25.27
1431,2025-12-14,West,Grocery,Pasta,store,13,3.38,43.94
1432,2025-05-02,West,Electronics,Headphones,store,0,75.73,0.0
1433,2025-10-05,West,Grocery,Coffee Beans,store,13,13.81,179.53
1434,2025-11-08,West,Apparel,Jacket,store,9,91.99,827.91
1435,2025-08-25,West,Electronics,Headphones,online,0,82.68,0.0
1436,2025-10-12,West,Electronics,Phone Case,online,9,23.46,211.14
1437,2025-08-14,West,Apparel,Jeans,store,3,46.21,138.63
1438,2025-03-17,West,Home,Blender,online,8,57.14,457.12
1439,2025-10-24,West,Home,Blender,store,9,61.8,556.2
1440,2025-06-30,West,Home,Lamp,online,8,33.52,268.16
1441,2025-02-27,East,Home,Lamp,store,7,36.15,253.05
1442,2025-02-06,South,Home,Blender,store,6,59.63,357.78
1443,2025-06-21,South,Grocery,Pasta,online,1,3.38,3.38
1444,2025-05-29,Northeast,Electronics,Laptop,online,6,926.69,5560.14
1445,2025-04-21,Northeast,Electronics,Phone Case,online,2,23.71,47.42
1446,2025-02-09,East,Grocery,Olive Oil,online,1,12.42,12.42
1447,2025-11-07,Northeast,Grocery,Pasta,store,5,3.39,16.95
1448,2025-05-05,South,Home,Lamp,store,2,35.87,71.74
1449,2025-12-21,West,Grocery,Pasta,online,7,3.45,24.15
1450,2025-12-01,East,Grocery,Pasta,online,3,3.52,10.56
1451,2025-10-03,West,Grocery,Olive Oil,online,10,12.13,121.3
1452,2025-06-10,West,Grocery,Pasta,online,4,3.53,14.12
1453,2025-04-03,West,Home,Blender,store,8,57.6,460.8
1454,2025-02-21,West,Electronics,Headphones,online,2,80.5,161.0
1455,2025-09-21,Midwest,Grocery,Pasta,online,4,3.47,13.88
1456,2025-12-31,West,Apparel,Jeans,online,4,50.37,201.48
1457,2025-07-01,Midwest,Grocery,Olive Oil,store,8,11.75,94.0
1458,2025-12-25,West,Home,Towel Set,online,8,27.03,216.24
1459,2025-10-31,West,Grocery,Pasta,store,8,3.48,27.84
1460,2025-04-29,South,Electronics,Phone Case,store,7,23.48,164.36
1461,2025-06-13,East,Electronics,Phone Case,online,5,23.83,119.15
1462,2025-10-22,South,Electronics,Headphones,store,0,76.36,0.0
1463,2025-09-07,East,Apparel,Jeans,online,5,50.04,250.2
1464,2025-03-14,West,Home,Blender,online,4,61.71,246.84
1465,2025-01-04,West,Apparel,T-Shirt,store,7,18.8,131.6
1466,2025-08-16,Midwest,Apparel,T-Shirt,online,7,17.9,125.3
1467,2025-09-10,East,Apparel,Jacket,online,2,93.17,186.34
1468,2025-04-24,South,Home,Towel Set,store,2,27.37,54.74
1469,2025-12-28,West,Grocery,Coffee Beans,store,9,13.57,122.13
1470,2025-11-18,West,Home,Towel Set,store,12,29.04,348.48
1471,2025-04-11,East,Grocery,Coffee Beans,store,4,13.7,54.8
1472,2025-11-22,Northeast,Home,Blender,store,4,56.45,225.8
1473,2025-12-30,West,Grocery,Olive Oil,store,12,12.14,145.68
1474,2025-06-28,East,Apparel,T-Shirt,store,8,18.3,146.4
1475,2025-11-19,West,Apparel,Jacket,store,7,87.18,610.26
1476,2025-05-28,Midwest,Apparel,T-Shirt,store,8,17.31,138.48
1477,2025-06-13,South,Grocery,Olive Oil,online,8,12.33,98.64
1478,2025-09-08,East,Electronics,Headphones,store,4,79.06,316.24
1479,2025-02-01,South,Apparel,Jacket,store,8,88.21,705.68
1480,2025-08-06,West,Apparel,Jeans,online,1,47.23,47.23
1481,2025-06-07,East,Home,Towel Set,online,2,28.78,57.56
1482,2025-11-11,East,Electronics,Phone Case,online,2,24.73,49.46
1483,2025-12-27,West,Apparel,Jacket,online,9,90.38,813.42
1484,2025-10-02,West,Home,Towel Set,store,9,29.01,261.09
1485,2025-03-24,South,Grocery,Coffee Beans,online,1,14.62,14.62
1486,2025-01-11,Northeast,Electronics,Phone Case,store,1,24.7,24.7
1487,2025-03-22,West,Home,Towel Set,online,2,26.69,53.38
1488,2025-07-13,East,Apparel,T-Shirt,online,7,17.23,120.61
1489,2025-01-11,West,Home,Blender,store,5,57.2,286.0
1490,2025-06-15,West,Apparel,Jeans,store,5,46.57,232.85
1491,2025-12-02,Midwest,Apparel,Jeans,online,7,46.67,326.69
1492,2025-10-15,West,Apparel,Jacket,online,16,87.95,1407.2
1493,2025-07-21,Northeast,Electronics,Headphones,online,0,79.62,0.0
1494,2025-04-29,Midwest,Electronics,Phone Case,store,2,23.6,47.2
1495,2025-02-18,East,Grocery,Olive Oil,online,7,11.5,80.5
1496,2025-11-12,Northeast,Home,Blender,store,5,57.54,287.7
1497,2025-06-22,West,Apparel,Jacket,store,5,92.31,461.55
1498,2025-12-20,West,Grocery,Olive Oil,store,9,11.78,106.02
1499,2025-08-25,Northeast,Electronics,Laptop,store,7,916.91,6418.37
1500,2025-03-07,East,Electronics,Laptop,online,2,893.39,1786.78
1501,2025-01-20,Midwest,Home,Towel Set,store,7,26.99,188.93
1502,2025-07-24,West,Electronics,Headphones,store,3,80.74,242.22
1503,2025-09-25,South,Home,Blender,store,4,59.14,236.56
1504,2025-11-11,South,Apparel,Jeans,store,6,46.61,279.66
1505,2025-03-11,West,Grocery,Coffee Beans,store,3,13.88,41.64
1506,2025-08-29,West,Electronics,Headphones,online,0,76.62,0.0
1507,2025-08-23,West,Grocery,Olive Oil,online,4,11.48,45.92
1508,2025-06-26,East,Apparel,Jeans,store,5,48.41,242.05
1509,2025-07-08,Midwest,Apparel,Jacket,online,3,85.24,255.72
1510,2025-02-22,South,Home,Lamp,online,7,33.69,235.83
1511,2025-06-19,Northeast,Apparel,Jacket,store,1,86.41,86.41
1512,2025-04-29,West,Home,Blender,online,1,58.86,58.86
1513,2025-06-15,West,Electronics,Laptop,store,8,892.29,7138.32
1514,2025-06-17,West,Home,Towel Set,store,7,27.66,193.62
1515,2025-12-28,South,Apparel,Jacket,online,4,92.41,369.64
1516,2025-03-27,South,Home,Lamp,store,5,34.97,174.85
1517,2025-12-17,West,Grocery,Olive Oil,store,12,11.61,139.32
1518,2025-12-10,West,Grocery,Coffee Beans,online,11,13.84,152.24
1519,2025-01-06,South,Home,Blender,store,6,57.99,347.94
1520,2025-05-10,West,Apparel,T-Shirt,store,7,18.26,127.82
1521,2025-01-23,South,Apparel,Jacket,online,1,93.19,93.19
1522,2025-08-30,Midwest,Grocery,Coffee Beans,store,2,14.35,28.7
1523,2025-01-20,Northeast,Home,Towel Set,online,3,29.04,87.12
1524,2025-02-12,West,Electronics,Headphones,online,3,77.53,232.59
1525,2025-04-10,West,Apparel,Jacket,store,3,92.54,277.62
1526,2025-10-28,South,Electronics,Phone Case,store,1,23.8,23.8
1527,2025-02-03,Northeast,Home,Towel Set,store,8,26.84,214.72
1528,2025-01-23,East,Grocery,Coffee Beans,online,6,13.74,82.44
1529,2025-03-02,Northeast,Electronics,Phone Case,store,2,23.01,46.02
1530,2025-04-04,East,Apparel,Jacket,online,1,91.37,91.37
1531,2025-04-22,Midwest,Electronics,Phone Case,online,4,23.54,94.16
1532,2025-03-09,Midwest,Apparel,T-Shirt,store,6,17.35,104.1
1533,2025-07-31,East,Apparel,T-Shirt,online,5,18.86,94.3
1534,2025-12-24,West,Electronics,Headphones,store,8,79.62,636.96
1535,2025-09-25,East,Electronics,Phone Case,store,4,23.17,92.68
1536,2025-12-26,West,Apparel,T-Shirt,store,8,18.36,146.88
1537,2025-09-20,South,Home,Lamp,store,2,33.36,66.72
1538,2025-09-22,East,Grocery,Coffee Beans,store,6,14.12,84.72
1539,2025-10-16,West,Electronics,Headphones,online,5,80.02,400.1
1540,2025-08-04,South,Electronics,Laptop,store,8,881.58,7052.64
1541,2025-10-07,West,Electronics,Headphones,store,10,79.74,797.4
1542,2025-05-05,South,Apparel,Jeans,store,4,47.04,188.16
1543,2025-09-17,West,Grocery,Pasta,store,3,3.53,10.59
1544,2025-09-20,West,Apparel,Jacket,online,3,93.02,279.06
1545,2025-03-08,West,Electronics,Headphones,online,0,81.38,0.0
1546,2025-03-26,East,Home,Blender,store,3,57.86,173.58
1547,2025-05-01,Midwest,Electronics,Phone Case,online,6,23.17,139.02
1548,2025-01-03,South,Electronics,Headphones,store,4,80.57,322.28
1549,2025-08-26,West,Grocery,Coffee Beans,store,3,14.37,43.11
1550,2025-07-24,South,Grocery,Olive Oil,store,6,12.04,72.24
1551,2025-09-08,Northeast,Electronics,Laptop,online,6,923.08,5538.48
1552,2025-07-05,West,Grocery,Coffee Beans,online,4,13.49,53.96
1553,2025-01-23,Midwest,Electronics,Headphones,store,0,80.22,0.0
1554,2025-05-26,Midwest,Electronics,Headphones,store,0,76.47,0.0
1555,2025-09-22,Midwest,Electronics,Headphones,online,0,80.23,0.0
1556,2025-01-07,West,Home,Towel Set,store,1,28.52,28.52
1557,2025-09-06,Midwest,Grocery,Coffee Beans,store,2,13.89,27.78
1558,2025-11-06,Midwest,Apparel,Jeans,store,6,49.65,297.9
1559,2025-02-27,Midwest,Grocery,Olive Oil,online,6,11.58,69.48
1560,2025-12-29,East,Grocery,Pasta,online,1,3.49,3.49
1561,2025-03-04,Midwest,Apparel,T-Shirt,store,6,17.55,105.3
1562,2025-12-12,West,Electronics,Phone Case,store,12,23.23,278.76
1563,2025-01-09,South,Electronics,Phone Case,online,1,23.66,23.66
1564,2025-09-30,East,Home,Blender,online,3,56.79,170.37
1565,2025-11-21,South,Apparel,Jeans,online,8,50.01,400.08
1566,2025-01-21,West,Apparel,T-Shirt,online,2,18.2,36.4
1567,2025-07-15,West,Apparel,Jacket,store,1,88.31,88.31
1568,2025-04-05,South,Electronics,Headphones,online,3,81.32,243.96
1569,2025-11-12,East,Electronics,Headphones,store,3,76.75,230.25
1570,2025-12-19,South,Electronics,Phone Case,store,5,24.98,124.9
1571,2025-05-20,West,Home,Blender,store,5,59.93,299.65
1572,2025-05-17,South,Electronics,Laptop,online,6,855.67,5134.02
1573,2025-04-24,West,Apparel,Jacket,store,6,89.78,538.68
1574,2025-10-05,West,Electronics,Headphones,store,8,77.58,620.64
1575,2025-09-13,East,Grocery,Pasta,store,2,3.34,6.68
1576,2025-11-20,South,Electronics,Laptop,store,6,881.38,5288.28
1577,2025-08-20,West,Home,Towel Set,online,7,28.35,198.45
1578,2025-08-01,West,Apparel,Jacket,store,7,93.36,653.52
1579,2025-10-03,West,Electronics,Laptop,store,9,873.68,7863.12
1580,2025-05-29,West,Home,Towel Set,store,6,28.14,168.84
1581,2025-04-22,Northeast,Apparel,Jeans,store,6,48.63,291.78
1582,2025-09-15,Midwest,Home,Lamp,store,5,35.9,179.5
1583,2025-08-19,West,Home,Lamp,store,6,33.26,199.56
1584,2025-08-26,West,Grocery,Olive Oil,store,7,12.57,87.99
1585,2025-04-07,Northeast,Home,Blender,online,7,59.59,417.13
1586,2025-01-12,East,Home,Towel Set,store,6,28.52,171.12
1587,2025-01-12,Midwest,Home,Blender,store,4,58.23,232.92
1588,2025-03-31,East,Apparel,T-Shirt,store,1,17.22,17.22
1589,2025-04-16,Midwest,Home,Towel Set,store,3,29.37,88.11
1590,2025-08-25,West,Apparel,T-Shirt,online,2,17.93,35.86
1591,2025-01-04,Midwest,Grocery,Pasta,online,5,3.6,18.0
1592,2025-10-03,West,Electronics,Headphones,store,6,81.59,489.54
1593,2025-01-21,Northeast,Grocery,Pasta,online,5,3.36,16.8
1594,2025-10-24,West,Home,Lamp,store,7,35.55,248.85
1595,2025-09-05,West,Apparel,Jacket,online,8,88.63,709.04
1596,2025-05-06,South,Apparel,Jacket,store,8,87.49,699.92
1597,2025-12-25,West,Apparel,Jacket,online,10,91.33,913.3
1598,2025-05-28,West,Apparel,Jacket,store,5,90.9,454.5
1599,2025-03-23,South,Grocery,Olive Oil,store,3,12.21,36.63
1600,2025-12-22,West,Apparel,Jeans,store,5,48.66,243.3
1601,2025-10-26,West,Electronics,Headphones,store,11,80.75,888.25
1602,2025-09-02,East,Apparel,Jacket,online,6,89.78,538.68
1603,2025-09-25,Midwest,Home,Towel Set,store,7,27.09,189.63
1604,2025-01-08,West,Apparel,T-Shirt,store,3,17.47,52.41
1605,2025-05-23,West,Home,Lamp,store,1,34.86,34.86
1606,2025-09-26,East,Apparel,Jacket,online,2,88.1,176.2
1607,2025-06-18,South,Electronics,Laptop,store,4,905.0,3620.0
1608,2025-05-06,East,Home,Blender,store,5,57.1,285.5
1609,2025-10-10,West,Home,Towel Set,online,10,29.14,291.4
1610,2025-06-05,West,Home,Blender,store,1,58.79,58.79
1611,2025-06-13,West,Home,Lamp,online,8,34.8,278.4
1612,2025-04-12,West,Home,Towel Set,store,1,27.44,27.44
1613,2025-10-25,West,Electronics,Phone Case,store,11,24.67,271.37
1614,2025-11-22,Midwest,Electronics,Headphones,store,0,79.8,0.0
1615,2025-04-01,Midwest,Apparel,Jacket,store,4,86.9,347.6
1616,2025-06-24,Northeast,Apparel,Jacket,store,3,85.54,256.62
1617,2025-09-07,West,Grocery,Pasta,online,7,3.39,23.73
1618,2025-12-11,West,Grocery,Pasta,online,6,3.39,20.34
1619,2025-04-20,South,Apparel,Jacket,store,5,85.47,427.35
1620,2025-11-09,West,Home,Lamp,online,11,33.92,373.12
1621,2025-03-22,East,Apparel,Jacket,store,7,90.37,632.59
1622,2025-05-18,South,Grocery,Pasta,store,6,3.38,20.28
1623,2025-07-01,South,Grocery,Pasta,store,7,3.52,24.64
1624,2025-01-03,Midwest,Electronics,Headphones,store,0,80.15,0.0
1625,2025-08-22,West,Home,Blender,store,6,57.79,346.74
1626,2025-01-13,Midwest,Apparel,Jacket,online,8,91.65,733.2
1627,2025-05-21,West,Home,Blender,store,8,60.31,482.48
1628,2025-01-24,Midwest,Grocery,Coffee Beans,store,7,14.68,102.76
1629,2025-01-31,West,Apparel,Jeans,store,5,47.7,238.5
1630,2025-02-26,West,Apparel,Jacket,store,3,91.89,275.67
1631,2025-10-29,West,Home,Towel Set,online,13,27.83,361.79
1632,2025-10-07,South,Apparel,Jacket,online,2,85.8,171.6
1633,2025-12-25,South,Apparel,Jeans,online,8,46.48,371.84
1634,2025-04-27,South,Home,Towel Set,store,1,27.32,27.32
1635,2025-03-13,West,Grocery,Pasta,store,1,3.61,3.61
1636,2025-09-28,West,Apparel,T-Shirt,store,6,18.89,113.34
1637,2025-10-03,Northeast,Apparel,Jacket,online,2,91.09,182.18
1638,2025-10-13,Northeast,Home,Towel Set,online,8,28.21,225.68
1639,2025-11-09,East,Electronics,Phone Case,store,8,24.76,198.08
1640,2025-08-20,East,Apparel,T-Shirt,online,6,18.27,109.62
1641,2025-08-21,Midwest,Electronics,Headphones,store,1,75.1,75.1
1642,2025-01-05,Midwest,Home,Lamp,online,6,35.3,211.8
1643,2025-09-30,East,Apparel,Jacket,online,3,86.23,258.69
1644,2025-04-16,West,Electronics,Phone Case,online,6,24.67,148.02
1645,2025-02-05,South,Home,Towel Set,online,3,27.16,81.48
1646,2025-08-06,East,Home,Lamp,online,8,33.73,269.84
1647,2025-03-05,Midwest,Electronics,Headphones,online,0,78.06,0.0
1648,2025-07-24,Midwest,Electronics,Laptop,online,2,899.6,1799.2
1649,2025-03-25,West,Grocery,Olive Oil,store,6,12.3,73.8
1650,2025-08-01,West,Apparel,Jeans,store,8,48.04,384.32
1651,2025-01-09,West,Grocery,Pasta,online,5,3.45,17.25
1652,2025-02-03,South,Home,Towel Set,online,7,28.42,198.94
1653,2025-08-30,West,Apparel,Jacket,store,4,84.95,339.8
1654,2025-04-01,East,Home,Blender,store,1,60.55,60.55
1655,2025-11-02,South,Apparel,Jacket,store,7,91.88,643.16
1656,2025-03-30,West,Home,Towel Set,online,2,27.62,55.24
1657,2025-03-25,West,Home,Lamp,store,5,35.44,177.2
1658,2025-11-15,West,Electronics,Headphones,online,4,82.07,328.28
1659,2025-07-28,West,Grocery,Olive Oil,online,1,11.59,11.59
1660,2025-06-28,West,Grocery,Coffee Beans,online,8,14.66,117.28
1661,2025-08-01,Northeast,Grocery,Coffee Beans,online,8,13.74,109.92
1662,2025-05-12,West,Apparel,Jacket,online,4,88.8,355.2
1663,2025-03-06,East,Home,Blender,online,7,60.43,423.01
1664,2025-05-25,West,Home,Blender,store,5,57.14,285.7
1665,2025-06-18,Midwest,Apparel,T-Shirt,store,3,17.86,53.58
1666,2025-10-24,West,Grocery,Olive Oil,online,6,12.35,74.1
1667,2025-03-15,East,Home,Lamp,store,8,33.29,266.32
1668,2025-09-05,East,Grocery,Pasta,online,5,3.48,17.4
1669,2025-10-07,West,Apparel,Jacket,store,8,87.55,700.4
1670,2025-06-24,Midwest,Grocery,Olive Oil,online,6,12.2,73.2
1671,2025-09-23,South,Grocery,Olive Oil,online,3,12.56,37.68
1672,2025-02-18,Midwest,Electronics,Laptop,store,6,865.4,5192.4
1673,2025-06-07,Northeast,Electronics,Phone Case,online,4,23.75,95.0
1674,2025-03-14,East,Electronics,Laptop,store,3,901.3,2703.9
1675,2025-10-16,Northeast,Electronics,Phone Case,store,3,24.09,72.27
1676,2025-07-11,West,Home,Towel Set,online,3,28.96,86.88
1677,2025-10-04,Northeast,Grocery,Coffee Beans,store,7,13.37,93.59
1678,2025-06-01,Northeast,Grocery,Pasta,store,5,3.44,17.2
1679,2025-01-01,West,Apparel,T-Shirt,online,7,17.21,120.47
1680,2025-03-13,West,Home,Blender,store,7,60.69,424.83
1681,2025-07-20,East,Apparel,T-Shirt,online,5,18.83,94.15
1682,2025-03-13,West,Home,Blender,store,5,56.89,284.45
1683,2025-06-17,West,Electronics,Phone Case,store,8,24.06,192.48
1684,2025-04-29,South,Electronics,Phone Case,store,6,23.17,139.02
1685,2025-05-20,West,Grocery,Pasta,online,7,3.54,24.78
1686,2025-10-27,West,Grocery,Pasta,online,10,3.51,35.1
1687,2025-11-05,South,Home,Towel Set,store,7,28.94,202.58
1688,2025-08-04,West,Electronics,Headphones,store,3,82.2,246.6
1689,2025-08-03,South,Apparel,T-Shirt,online,8,17.28,138.24
1690,2025-05-05,East,Grocery,Olive Oil,store,8,11.52,92.16
1691,2025-10-15,Northeast,Grocery,Olive Oil,store,2,11.45,22.9
1692,2025-10-30,West,Electronics,Laptop,online,13,886.48,11524.24
1693,2025-01-21,Midwest,Grocery,Olive Oil,online,7,12.53,87.71
1694,2025-12-09,East,Home,Blender,store,7,56.63,396.41
1695,2025-01-15,South,Apparel,Jacket,store,4,87.69,350.76
1696,2025-05-22,West,Apparel,Jeans,store,3,49.29,147.87
1697,2025-04-18,Northeast,Apparel,Jacket,store,3,91.25,273.75
1698,2025-09-13,South,Apparel,Jacket,online,5,87.37,436.85
1699,2025-02-21,West,Grocery,Pasta,store,7,3.55,24.85
1700,2025-04-14,Midwest,Apparel,Jeans,store,3,49.9,149.7
1701,2025-03-28,West,Home,Towel Set,store,5,29.14,145.7
1702,2025-10-14,Midwest,Electronics,Laptop,online,7,862.19,6035.33
1703,2025-05-15,West,Apparel,Jacket,store,7,88.08,616.56
1704,2025-02-23,South,Electronics,Headphones,online,0,78.55,0.0
1705,2025-10-08,West,Apparel,T-Shirt,store,8,17.5,140.0
1706,2025-04-26,East,Home,Blender,store,1,57.49,57.49
1707,2025-11-10,Midwest,Grocery,Olive Oil,online,7,11.89,83.23
1708,2025-11-18,Midwest,Apparel,Jacket,store,5,91.7,458.5
1709,2025-08-09,East,Apparel,Jacket,store,3,85.24,255.72
1710,2025-06-14,East,Home,Blender,store,2,59.21,118.42
1711,2025-11-06,West,Apparel,Jacket,online,7,88.69,620.83
1712,2025-11-13,West,Grocery,Coffee Beans,online,15,13.33,199.95
1713,2025-11-29,West,Apparel,Jeans,online,9,45.91,413.19
1714,2025-05-22,West,Grocery,Pasta,online,4,3.67,14.68
1715,2025-12-05,Northeast,Apparel,Jeans,online,7,48.34,338.38
1716,2025-03-15,Northeast,Apparel,T-Shirt,online,6,18.38,110.28
1717,2025-10-28,West,Electronics,Phone Case,online,11,24.07,264.77
1718,2025-04-10,Northeast,Home,Blender,online,8,59.88,479.04
1719,2025-03-03,West,Grocery,Olive Oil,store,7,12.37,86.59
1720,2025-12-23,South,Home,Blender,store,7,58.15,407.05
1721,2025-05-10,East,Apparel,Jeans,online,2,46.69,93.38
1722,2025-06-23,West,Apparel,T-Shirt,online,1,18.87,18.87
1723,2025-12-16,West,Home,Blender,online,12,56.08,672.96
1724,2025-01-15,Northeast,Apparel,T-Shirt,online,8,17.44,139.52
1725,2025-04-04,South,Electronics,Phone Case,online,3,24.24,72.72
1726,2025-08-14,East,Home,Lamp,online,2,35.43,70.86
1727,2025-06-09,West,Apparel,Jacket,online,3,89.8,269.4
1728,2025-02-21,Northeast,Home,Towel Set,store,7,29.23,204.61
1729,2025-08-18,Northeast,Electronics,Headphones,online,0,77.94,0.0
1730,2025-09-09,Midwest,Electronics,Headphones,online,5,82.29,411.45
1731,2025-02-20,West,Apparel,Jacket,store,4,91.29,365.16
1732,2025-05-25,Midwest,Home,Lamp,store,7,34.66,242.62
1733,2025-02-12,Midwest,Electronics,Headphones,store,0,79.87,0.0
1734,2025-05-28,West,Electronics,Laptop,online,3,881.66,2644.98
1735,2025-11-25,West,Electronics,Phone Case,online,11,22.91,252.01
1736,2025-04-07,Northeast,Electronics,Phone Case,store,3,24.57,73.71
1737,2025-09-18,West,Home,Blender,store,4,61.65,246.6
1738,2025-12-31,West,Home,Lamp,online,4,35.25,141.0
1739,2025-07-15,West,Apparel,T-Shirt,online,6,18.29,109.74
1740,2025-04-01,East,Apparel,Jeans,online,4,46.35,185.4
1741,2025-11-15,Midwest,Apparel,T-Shirt,store,1,17.84,17.84
1742,2025-08-01,Midwest,Apparel,T-Shirt,store,1,17.56,17.56
1743,2025-11-17,West,Grocery,Coffee Beans,online,5,13.4,67.0
1744,2025-03-23,Midwest,Electronics,Laptop,store,5,869.1,4345.5
1745,2025-12-15,Midwest,Apparel,Jacket,store,5,87.08,435.4
1746,2025-02-25,Midwest,Home,Blender,store,1,57.23,57.23
1747,2025-08-29,West,Home,Blender,store,2,57.14,114.28
1748,2025-05-04,South,Grocery,Olive Oil,online,1,11.93,11.93
1749,2025-12-06,East,Home,Towel Set,store,1,26.72,26.72
1750,2025-03-20,South,Home,Lamp,store,1,33.95,33.95
1751,2025-07-20,South,Electronics,Laptop,online,6,910.44,5462.64
1752,2025-12-03,West,Grocery,Coffee Beans,online,12,14.14,169.68
1753,2025-03-24,West,Apparel,T-Shirt,online,7,18.33,128.31
1754,2025-09-23,Northeast,Home,Towel Set,store,3,27.64,82.92
1755,2025-02-23,West,Grocery,Coffee Beans,online,2,14.44,28.88
1756,2025-04-25,West,Electronics,Laptop,store,7,938.31,6568.17
1757,2025-05-25,Midwest,Grocery,Olive Oil,online,5,12.22,61.1
1758,2025-06-26,Midwest,Grocery,Coffee Beans,store,6,14.05,84.3
1759,2025-04-25,West,Home,Lamp,store,6,36.34,218.04
1760,2025-01-11,South,Home,Blender,store,4,58.47,233.88
1761,2025-07-25,West,Apparel,T-Shirt,store,7,17.86,125.02
1762,2025-08-24,Midwest,Grocery,Pasta,store,7,3.44,24.08
1763,2025-03-10,East,Home,Blender,online,6,59.4,356.4
1764,2025-08-26,Midwest,Apparel,Jacket,store,3,86.45,259.35
1765,2025-08-29,West,Grocery,Pasta,store,4,3.34,13.36
1766,2025-06-22,East,Grocery,Olive Oil,store,8,11.62,92.96
1767,2025-01-13,Midwest,Home,Lamp,online,4,35.49,141.96
1768,2025-03-19,Midwest,Home,Towel Set,online,8,28.74,229.92
1769,2025-06-11,Northeast,Electronics,Phone Case,online,2,24.69,49.38
1770,2025-01-11,West,Electronics,Headphones,online,2,77.53,155.06
1771,2025-03-19,South,Electronics,Headphones,store,4,79.66,318.64
1772,2025-06-23,South,Apparel,T-Shirt,online,3,18.72,56.16
1773,2025-03-25,Northeast,Grocery,Coffee Beans,store,5,14.28,71.4
1774,2025-12-20,East,Electronics,Phone Case,online,2,24.98,49.96
1775,2025-01-21,West,Grocery,Pasta,store,1,3.49,3.49
1776,2025-10-28,South,Grocery,Olive Oil,online,1,11.94,11.94
1777,2025-09-09,Northeast,Apparel,Jeans,online,2,49.86,99.72
1778,2025-04-01,West,Apparel,Jacket,store,2,92.71,185.42
1779,2025-12-09,West,Apparel,Jeans,online,11,47.3,520.3
1780,2025-11-15,Midwest,Home,Lamp,store,5,33.92,169.6
1781,2025-09-24,West,Grocery,Pasta,online,4,3.34,13.36
1782,2025-12-25,West,Grocery,Pasta,store,16,3.34,53.44
1783,2025-02-11,West,Home,Towel Set,online,1,28.66,28.66
1784,2025-06-04,Midwest,Grocery,Pasta,online,5,3.57,17.85
1785,2025-12-23,West,Apparel,Jacket,store,10,88.17,881.7
1786,2025-06-27,Northeast,Home,Lamp,store,8,34.18,273.44
1787,2025-12-10,West,Apparel,Jacket,online,6,84.75,508.5
1788,2025-05-05,West,Apparel,T-Shirt,online,4,18.13,72.52
1789,2025-02-14,West,Electronics,Phone Case,store,2,24.89,49.78
1790,2025-03-21,Midwest,Apparel,Jacket,online,1,90.0,90.0
1791,2025-12-27,West,Electronics,Laptop,online,5,918.62,4593.1
1792,2025-08-10,East,Home,Blender,online,4,58.33,233.32
1793,2025-09-01,Midwest,Home,Lamp,store,1,35.81,35.81
1794,2025-08-15,West,Electronics,Laptop,online,4,877.72,3510.88
1795,2025-12-25,West,Electronics,Laptop,online,8,930.34,7442.72
1796,2025-07-22,Northeast,Apparel,Jacket,store,5,89.06,445.3
1797,2025-04-22,South,Home,Towel Set,online,5,28.43,142.15
1798,2025-05-25,West,Electronics,Laptop,store,1,885.0,885.0
1799,2025-11-14,Midwest,Electronics,Phone Case,store,2,22.83,45.66
1800,2025-06-13,South,Electronics,Phone Case,store,6,24.55,147.3
1801,2025-08-19,Midwest,Apparel,Jeans,store,6,49.26,295.56
1802,2025-10-07,East,Home,Towel Set,online,6,26.72,160.32
1803,2025-07-29,Midwest,Apparel,Jeans,store,8,49.77,398.16
1804,2025-08-20,West,Grocery,Pasta,online,6,3.63,21.78
1805,2025-07-15,East,Grocery,Pasta,online,3,3.48,10.44
1806,2025-03-19,East,Home,Blender,online,3,58.36,175.08
1807,2025-05-19,West,Grocery,Pasta,online,5,3.43,17.15
1808,2025-04-27,Northeast,Grocery,Pasta,store,3,3.66,10.98
1809,2025-09-07,West,Apparel,T-Shirt,online,8,18.82,150.56
1810,2025-11-08,West,Home,Towel Set,store,13,28.85,375.05
1811,2025-01-07,East,Apparel,Jacket,store,7,90.64,634.48
1812,2025-11-10,West,Home,Towel Set,store,14,27.56,385.84
1813,2025-03-07,Midwest,Electronics,Laptop,store,4,887.31,3549.24
1814,2025-04-18,East,Apparel,Jacket,store,6,91.55,549.3
1815,2025-10-23,East,Home,Lamp,online,4,35.73,142.92
1816,2025-05-08,Midwest,Electronics,Headphones,online,0,78.08,0.0
1817,2025-06-14,West,Grocery,Pasta,store,7,3.35,23.45
1818,2025-04-09,South,Home,Lamp,online,4,34.91,139.64
1819,2025-11-21,West,Apparel,Jacket,store,10,89.55,895.5
1820,2025-09-06,Northeast,Home,Towel Set,online,2,29.28,58.56
1821,2025-06-01,East,Apparel,T-Shirt,store,1,17.86,17.86
1822,2025-06-02,East,Apparel,T-Shirt,online,7,18.27,127.89
1823,2025-02-10,East,Grocery,Olive Oil,store,8,12.07,96.56
1824,2025-06-10,West,Apparel,Jeans,store,8,46.55,372.4
1825,2025-05-26,West,Home,Lamp,online,6,33.68,202.08
1826,2025-10-10,East,Apparel,Jacket,store,7,89.45,626.15
1827,2025-11-27,West,Home,Lamp,online,13,35.5,461.5
1828,2025-10-19,West,Electronics,Phone Case,online,6,23.99,143.94
1829,2025-03-19,West,Home,Towel Set,online,6,26.86,161.16
1830,2025-07-02,Midwest,Apparel,T-Shirt,store,1,17.82,17.82
1831,2025-09-26,Midwest,Home,Towel Set,online,8,28.88,231.04
1832,2025-03-23,West,Apparel,T-Shirt,online,1,17.2,17.2
1833,2025-01-27,East,Grocery,Coffee Beans,online,4,13.61,54.44
1834,2025-03-20,East,Apparel,Jeans,store,7,49.23,344.61
1835,2025-01-10,South,Grocery,Coffee Beans,store,1,14.07,14.07
1836,2025-04-13,East,Home,Towel Set,store,2,26.62,53.24
1837,2025-10-25,Northeast,Home,Lamp,online,1,33.78,33.78
1838,2025-11-18,South,Apparel,Jacket,store,3,89.1,267.3
1839,2025-04-14,South,Apparel,T-Shirt,store,7,18.72,131.04
1840,2025-03-03,Midwest,Electronics,Headphones,store,0,76.67,0.0
1841,2025-07-18,East,Home,Towel Set,store,4,28.93,115.72
1842,2025-10-31,South,Grocery,Coffee Beans,online,5,14.09,70.45
1843,2025-04-22,South,Electronics,Laptop,online,4,931.4,3725.6
1844,2025-09-13,Midwest,Apparel,Jeans,store,3,48.49,145.47
1845,2025-09-09,Northeast,Apparel,Jacket,online,2,85.24,170.48
1846,2025-01-01,Northeast,Electronics,Laptop,store,5,937.67,4688.35
1847,2025-08-16,Northeast,Home,Blender,online,4,58.22,232.88
1848,2025-08-05,South,Electronics,Headphones,store,0,80.21,0.0
1849,2025-01-18,South,Home,Lamp,store,4,36.51,146.04
1850,2025-03-03,West,Grocery,Coffee Beans,online,4,13.46,53.84
1851,2025-08-22,Northeast,Apparel,Jeans,online,8,48.97,391.76
1852,2025-02-02,East,Home,Blender,store,1,60.05,60.05
1853,2025-01-20,Midwest,Grocery,Coffee Beans,online,1,14.11,14.11
1854,2025-12-03,West,Apparel,Jacket,store,9,90.95,818.55
1855,2025-01-13,East,Home,Towel Set,store,1,28.87,28.87
1856,2025-10-16,Midwest,Grocery,Coffee Beans,online,2,13.7,27.4
1857,2025-11-03,West,Grocery,Olive Oil,online,14,11.85,165.9
1858,2025-10-10,South,Apparel,Jeans,online,6,48.39,290.34
1859,2025-08-28,South,Home,Towel Set,store,7,28.49,199.43
1860,2025-07-04,West,Apparel,T-Shirt,store,8,18.76,150.08
1861,2025-08-19,East,Electronics,Headphones,online,0,79.78,0.0
1862,2025-03-23,Northeast,Home,Blender,store,7,56.53,395.71
1863,2025-02-27,Northeast,Electronics,Phone Case,online,5,24.18,120.9
1864,2025-10-09,East,Home,Towel Set,store,6,27.97,167.82
1865,2025-07-11,Midwest,Grocery,Coffee Beans,store,2,14.35,28.7
1866,2025-04-26,Midwest,Home,Towel Set,online,2,28.61,57.22
1867,2025-09-11,West,Electronics,Phone Case,store,7,23.38,163.66
1868,2025-06-05,Northeast,Electronics,Laptop,online,5,855.51,4277.55
1869,2025-03-03,West,Electronics,Headphones,store,0,82.56,0.0
1870,2025-07-03,West,Apparel,Jeans,store,5,47.4,237.0
1871,2025-08-08,Midwest,Electronics,Phone Case,store,8,25.14,201.12
1872,2025-06-13,South,Grocery,Pasta,online,6,3.47,20.82
1873,2025-12-17,West,Grocery,Coffee Beans,store,8,14.36,114.88
1874,2025-05-10,West,Home,Towel Set,online,6,27.87,167.22
1875,2025-05-04,Midwest,Electronics,Headphones,store,4,79.42,317.68
1876,2025-04-21,West,Electronics,Phone Case,online,1,24.22,24.22
1877,2025-09-17,Northeast,Home,Lamp,store,7,35.69,249.83
1878,2025-10-02,West,Apparel,Jacket,online,12,90.76,1089.12
1879,2025-08-20,East,Electronics,Headphones,store,1,78.42,78.42
1880,2025-04-12,East,Electronics,Headphones,online,0,81.15,0.0
1881,2025-04-04,Northeast,Grocery,Coffee Beans,store,2,14.43,28.86
1882,2025-02-21,West,Home,Towel Set,online,6,27.83,166.98
1883,2025-12-24,West,Apparel,Jacket,online,6,88.28,529.68
1884,2025-08-12,Midwest,Electronics,Laptop,online,6,877.67,5266.02
1885,2025-09-01,East,Home,Blender,online,3,57.01,171.03
1886,2025-12-07,West,Apparel,Jacket,store,10,88.8,888.0
1887,2025-07-31,West,Electronics,Laptop,online,3,867.3,2601.9
1888,2025-12-26,West,Apparel,T-Shirt,online,12,17.3,207.6
1889,2025-09-29,West,Home,Lamp,online,4,36.26,145.04
1890,2025-04-07,Midwest,Grocery,Coffee Beans,online,2,13.54,27.08
1891,2025-03-16,Northeast,Home,Blender,store,2,59.08,118.16
1892,2025-10-17,West,Grocery,Olive Oil,store,11,12.53,137.83
1893,2025-01-31,West,Apparel,Jeans,online,6,46.52,279.12
1894,2025-07-20,East,Home,Lamp,store,3,35.51,106.53
1895,2025-05-04,South,Grocery,Coffee Beans,store,7,14.14,98.98
1896,2025-02-03,East,Electronics,Headphones,store,0,78.16,0.0
1897,2025-06-24,Northeast,Apparel,Jeans,store,7,48.05,336.35
1898,2025-12-19,Northeast,Home,Lamp,store,8,33.57,268.56
1899,2025-06-25,Northeast,Electronics,Headphones,store,5,82.43,412.15
1900,2025-09-20,South,Home,Towel Set,online,5,27.58,137.9
1901,2025-04-09,Northeast,Grocery,Pasta,store,4,3.53,14.12
1902,2025-11-10,East,Apparel,T-Shirt,store,6,18.38,110.28
1903,2025-04-15,Northeast,Home,Blender,store,4,59.82,239.28
1904,2025-11-03,South,Home,Towel Set,store,7,27.65,193.55
1905,2025-09-05,Northeast,Grocery,Olive Oil,store,2,11.58,23.16
1906,2025-05-10,West,Grocery,Olive Oil,store,4,11.4,45.6
1907,2025-05-11,Midwest,Apparel,Jacket,store,1,86.32,86.32
1908,2025-08-07,Midwest,Electronics,Headphones,store,0,78.11,0.0
1909,2025-04-03,West,Electronics,Laptop,online,5,878.98,4394.9
1910,2025-03-07,Midwest,Home,Blender,online,6,56.11,336.66
1911,2025-11-16,South,Grocery,Coffee Beans,online,5,13.61,68.05
1912,2025-10-10,West,Home,Blender,online,10,59.32,593.2
1913,2025-03-29,Midwest,Home,Towel Set,online,2,29.27,58.54
1914,2025-10-20,South,Grocery,Coffee Beans,online,7,13.64,95.48
1915,2025-04-24,Northeast,Home,Blender,online,1,57.7,57.7
1916,2025-05-03,Midwest,Grocery,Pasta,online,2,3.41,6.82
1917,2025-07-29,Midwest,Home,Towel Set,store,7,28.98,202.86
1918,2025-01-12,South,Home,Towel Set,store,6,27.82,166.92
1919,2025-06-14,West,Grocery,Pasta,online,2,3.46,6.92
1920,2025-11-04,Midwest,Home,Lamp,online,6,34.01,204.06
1921,2025-07-27,South,Home,Lamp,store,4,36.61,146.44
1922,2025-11-27,Midwest,Electronics,Headphones,store,0,77.89,0.0
1923,2025-08-12,Midwest,Electronics,Headphones,store,0,77.8,0.0
1924,2025-05-14,East,Home,Towel Set,online,7,28.97,202.79
1925,2025-07-06,West,Home,Blender,online,1,56.6,56.6
1926,2025-05-09,West,Apparel,Jeans,online,7,47.01,329.07
1927,2025-05-23,East,Home,Lamp,store,2,33.83,67.66
1928,2025-04-29,Northeast,Electronics,Phone Case,online,8,23.49,187.92
1929,2025-08-05,East,Electronics,Laptop,online,2,860.11,1720.22
1930,2025-05-18,East,Electronics,Headphones,store,0,80.76,0.0
1931,2025-04-06,West,Apparel,T-Shirt,store,1,18.02,18.02
1932,2025-09-14,West,Grocery,Coffee Beans,online,3,13.37,40.11
1933,2025-03-09,Northeast,Apparel,Jacket,store,8,88.67,709.36
1934,2025-03-31,East,Home,Towel Set,online,7,26.79,187.53
1935,2025-03-11,West,Grocery,Olive Oil,store,7,12.21,85.47
1936,2025-10-09,Midwest,Grocery,Olive Oil,store,7,12.34,86.38
1937,2025-05-09,Midwest,Home,Towel Set,store,1,26.95,26.95
1938,2025-04-16,West,Apparel,Jeans,online,7,48.5,339.5
1939,2025-07-15,South,Electronics,Headphones,store,0,76.62,0.0
1940,2025-08-11,East,Grocery,Olive Oil,online,5,12.18,60.9
1941,2025-07-22,West,Home,Lamp,store,8,34.95,279.6
1942,2025-12-31,East,Grocery,Coffee Beans,store,4,14.64,58.56
1943,2025-03-16,West,Apparel,Jeans,online,7,47.28,330.96
1944,2025-12-01,West,Apparel,Jeans,store,11,45.79,503.69
1945,2025-06-30,South,Home,Blender,online,5,56.91,284.55
1946,2025-01-31,West,Home,Towel Set,store,7,26.67,186.69
1947,2025-06-21,Midwest,Apparel,Jacket,store,1,87.09,87.09
1948,2025-09-22,Midwest,Grocery,Pasta,online,2,3.56,7.12
1949,2025-03-20,Midwest,Apparel,Jacket,store,5,91.06,455.3
1950,2025-03-15,West,Home,Blender,store,4,57.68,230.72
1951,2025-01-22,West,Electronics,Laptop,online,4,891.66,3566.64
1952,2025-08-02,East,Grocery,Olive Oil,store,4,12.59,50.36
1953,2025-01-01,East,Electronics,Headphones,store,0,81.27,0.0
1954,2025-03-26,Midwest,Electronics,Laptop,store,6,927.02,5562.12
1955,2025-11-12,South,Grocery,Pasta,store,6,3.55,21.3
1956,2025-09-27,West,Apparel,Jacket,online,1,86.56,86.56
1957,2025-08-11,South,Apparel,Jeans,store,5,45.85,229.25
1958,2025-05-12,West,Home,Towel Set,online,4,28.96,115.84
1959,2025-05-08,East,Electronics,Phone Case,store,7,23.79,166.53
1960,2025-08-03,South,Electronics,Laptop,online,2,910.06,1820.12
1961,2025-06-10,West,Grocery,Pasta,store,8,3.38,27.04
1962,2025-01-16,South,Electronics,Headphones,online,4,78.89,315.56
1963,2025-10-29,West,Grocery,Coffee Beans,store,8,13.64,109.12
1964,2025-03-23,Northeast,Grocery,Coffee Beans,online,1,13.41,13.41
1965,2025-03-18,Midwest,Electronics,Phone Case,online,1,25.18,25.18
1966,2025-08-30,West,Home,Lamp,store,6,35.63,213.78
1967,2025-12-08,West,Home,Lamp,store,5,33.6,168.0
1968,2025-11-11,West,Home,Blender,store,11,60.91,670.01
1969,2025-05-17,Northeast,Electronics,Phone Case,store,8,23.13,185.04
1970,2025-11-07,East,Electronics,Headphones,online,0,80.49,0.0
1971,2025-06-23,Midwest,Grocery,Pasta,store,7,3.43,24.01
1972,2025-08-03,East,Apparel,Jacket,store,8,86.42,691.36
1973,2025-03-18,West,Electronics,Laptop,online,8,867.33,6938.64
1974,2025-03-06,West,Electronics,Headphones,store,4,80.48,321.92
1975,2025-08-11,Northeast,Apparel,Jacket,online,1,92.52,92.52
1976,2025-07-06,West,Home,Lamp,online,5,33.42,167.1
1977,2025-07-19,Midwest,Grocery,Olive Oil,store,6,12.34,74.04
1978,2025-08-19,West,Apparel,Jacket,store,3,90.41,271.23
1979,2025-01-04,East,Apparel,Jeans,online,6,47.94,287.64
1980,2025-03-17,West,Home,Blender,store,4,61.7,246.8
1981,2025-04-03,West,Apparel,Jacket,store,6,91.67,550.02
1982,2025-06-22,West,Grocery,Olive Oil,online,6,11.65,69.9
1983,2025-12-15,Northeast,Apparel,Jacket,store,4,92.47,369.88
1984,2025-08-11,West,Grocery,Olive Oil,store,8,12.05,96.4
1985,2025-01-23,West,Grocery,Olive Oil,online,7,11.97,83.79
1986,2025-08-26,Northeast,Home,Lamp,online,5,34.82,174.1
1987,2025-11-30,East,Apparel,Jeans,store,4,45.62,182.48
1988,2025-01-21,Midwest,Home,Lamp,online,2,34.76,69.52
1989,2025-05-21,Northeast,Grocery,Coffee Beans,store,1,14.38,14.38
1990,2025-09-12,East,Apparel,T-Shirt,online,7,18.77,131.39
1991,2025-10-15,East,Home,Blender,store,4,56.52,226.08
1992,2025-09-03,West,Home,Towel Set,store,5,27.07,135.35
1993,2025-12-10,West,Home,Lamp,online,9,35.8,322.2
1994,2025-05-28,Northeast,Electronics,Laptop,online,1,932.55,932.55
1995,2025-05-03,West,Apparel,T-Shirt,online,6,18.48,110.88
1996,2025-03-04,Northeast,Grocery,Olive Oil,online,5,11.98,59.9
1997,2025-02-12,West,Apparel,T-Shirt,store,5,18.55,92.75
1998,2025-01-10,Northeast,Electronics,Laptop,online,3,867.16,2601.48
1999,2025-09-25,Northeast,Home,Lamp,store,7,33.35,233.45
2000,2025-08-10,West,Grocery,Coffee Beans,online,8,13.57,108.56
2001,2025-10-28,West,Home,Towel Set,store,14,28.16,394.24
2002,2025-06-14,East,Electronics,Laptop,store,6,870.96,5225.76
2003,2025-01-09,South,Apparel,Jeans,online,8,50.25,402.0
2004,2025-02-13,West,Electronics,Phone Case,online,8,24.22,193.76
2005,2025-09-11,Northeast,Apparel,T-Shirt,online,6,18.52,111.12
2006,2025-05-06,Midwest,Apparel,T-Shirt,online,5,17.2,86.0
2007,2025-12-07,East,Apparel,Jeans,online,7,46.95,328.65
2008,2025-02-08,South,Electronics,Headphones,store,0,80.89,0.0
2009,2025-01-14,South,Home,Towel Set,online,2,29.03,58.06
2010,2025-07-05,West,Apparel,Jeans,store,3,49.86,149.58
2011,2025-10-23,West,Electronics,Laptop,online,10,878.91,8789.1
2012,2025-10-09,Northeast,Apparel,Jacket,store,7,85.44,598.08
2013,2025-01-21,Midwest,Electronics,Phone Case,store,1,23.45,23.45
2014,2025-03-12,West,Electronics,Laptop,store,6,857.87,5147.22
2015,2025-07-27,South,Home,Towel Set,online,3,26.83,80.49
2016,2025-04-05,Northeast,Electronics,Phone Case,online,3,23.93,71.79
2017,2025-03-28,Northeast,Home,Lamp,online,5,35.63,178.15
2018,2025-10-23,East,Grocery,Olive Oil,online,4,11.47,45.88
2019,2025-11-10,East,Apparel,Jeans,online,7,47.54,332.78
2020,2025-10-24,West,Home,Towel Set,online,13,28.58,371.54
2021,2025-11-06,West,Grocery,Olive Oil,online,10,12.3,123.0
2022,2025-04-05,Northeast,Electronics,Phone Case,online,1,23.12,23.12
2023,2025-04-29,West,Electronics,Phone Case,store,4,23.12,92.48
2024,2025-05-22,Northeast,Electronics,Phone Case,online,1,24.52,24.52
2025,2025-07-31,West,Home,Lamp,online,2,33.76,67.52
2026,2025-07-08,Midwest,Grocery,Olive Oil,store,4,11.93,47.72
2027,2025-11-22,West,Grocery,Pasta,online,10,3.63,36.3
2028,2025-09-08,Midwest,Electronics,Headphones,online,0,78.47,0.0
2029,2025-01-31,Northeast,Apparel,T-Shirt,store,5,17.3,86.5
2030,2025-03-14,East,Grocery,Coffee Beans,store,2,14.4,28.8
2031,2025-10-28,South,Home,Lamp,online,5,35.66,178.3
2032,2025-09-02,South,Home,Lamp,online,3,34.78,104.34
2033,2025-01-09,Midwest,Grocery,Coffee Beans,online,6,13.45,80.7
2034,2025-09-25,West,Apparel,Jacket,store,1,91.19,91.19
2035,2025-02-02,West,Home,Lamp,store,3,36.08,108.24
2036,2025-11-18,Northeast,Electronics,Laptop,online,7,883.48,6184.36
2037,2025-10-18,West,Grocery,Coffee Beans,online,13,13.45,174.85
2038,2025-08-06,South,Home,Towel Set,store,6,28.48,170.88
2039,2025-02-19,Northeast,Home,Blender,store,6,56.32,337.92
2040,2025-07-02,East,Apparel,Jeans,online,1,47.67,47.67
2041,2025-12-20,West,Home,Blender,store,10,61.16,611.6
2042,2025-07-31,West,Electronics,Phone Case,store,4,24.52,98.08
2043,2025-04-20,West,Electronics,Headphones,online,0,82.3,0.0
2044,2025-05-24,Midwest,Home,Blender,store,2,61.5,123.0
2045,2025-02-17,Northeast,Home,Blender,store,3,60.12,180.36
2046,2025-12-03,West,Grocery,Coffee Beans,store,5,14.54,72.7
2047,2025-09-15,Northeast,Apparel,T-Shirt,store,6,18.35,110.1
2048,2025-08-20,East,Electronics,Phone Case,online,1,25.15,25.15
2049,2025-12-08,West,Home,Blender,online,7,60.4,422.8
2050,2025-04-18,South,Grocery,Coffee Beans,store,3,13.62,40.86
2051,2025-01-17,West,Home,Lamp,store,7,36.17,253.19
2052,2025-03-20,East,Grocery,Pasta,online,1,3.38,3.38
2053,2025-09-30,West,Grocery,Coffee Beans,online,4,14.37,57.48
2054,2025-02-07,West,Electronics,Headphones,online,0,80.58,0.0
2055,2025-09-24,Northeast,Apparel,Jeans,online,4,49.58,198.32
2056,2025-08-18,Northeast,Grocery,Pasta,store,4,3.42,13.68
2057,2025-01-11,South,Grocery,Olive Oil,store,2,12.51,25.02
2058,2025-12-22,West,Electronics,Laptop,online,15,904.4,13566.0
2059,2025-10-25,East,Electronics,Phone Case,online,4,24.09,96.36
2060,2025-03-06,West,Electronics,Laptop,online,2,884.54,1769.08
2061,2025-05-13,Northeast,Home,Blender,online,4,58.57,234.28
2062,2025-03-13,East,Electronics,Phone Case,online,2,24.3,48.6
2063,2025-08-05,Northeast,Electronics,Phone Case,store,5,23.91,119.55
2064,2025-06-22,West,Electronics,Laptop,online,1,931.62,931.62
2065,2025-02-12,Northeast,Electronics,Laptop,online,2,897.27,1794.54
2066,2025-08-13,Northeast,Apparel,T-Shirt,online,6,18.39,110.34
2067,2025-06-10,West,Apparel,Jeans,store,3,46.36,139.08
2068,2025-11-04,Northeast,Grocery,Pasta,store,2,3.51,7.02
2069,2025-03-19,West,Apparel,Jacket,online,8,87.35,698.8
2070,2025-01-21,Midwest,Electronics,Laptop,online,5,854.3,4271.5
2071,2025-05-06,South,Electronics,Headphones,store,0,79.24,0.0
2072,2025-10-16,West,Grocery,Coffee Beans,store,11,14.02,154.22
2073,2025-12-05,West,Apparel,T-Shirt,store,9,18.41,165.69
2074,2025-08-29,West,Home,Blender,store,8,59.6,476.8
2075,2025-11-13,West,Electronics,Phone Case,online,6,23.1,138.6
2076,2025-01-25,Midwest,Apparel,Jacket,online,1,92.47,92.47
2077,2025-05-14,South,Home,Towel Set,store,4,28.0,112.0
2078,2025-09-22,East,Electronics,Headphones,store,2,76.96,153.92
2079,2025-12-23,West,Apparel,Jacket,online,11,89.19,981.09
2080,2025-06-02,West,Home,Lamp,online,7,34.54,241.78
2081,2025-04-20,West,Apparel,T-Shirt,store,7,18.67,130.69
2082,2025-05-30,Midwest,Home,Lamp,store,1,35.9,35.9
2083,2025-04-06,East,Apparel,Jeans,online,1,47.01,47.01
2084,2025-12-09,West,Grocery,Pasta,store,12,3.6,43.2
2085,2025-10-22,Northeast,Electronics,Laptop,online,3,887.17,2661.51
2086,2025-05-22,East,Grocery,Olive Oil,online,6,12.21,73.26
2087,2025-01-20,West,Apparel,T-Shirt,online,4,18.75,75.0
2088,2025-07-01,Northeast,Apparel,Jacket,store,2,92.41,184.82
2089,2025-07-22,East,Electronics,Laptop,online,8,918.0,7344.0
2090,2025-09-27,West,Electronics,Phone Case,online,2,23.38,46.76
2091,2025-11-20,Midwest,Home,Blender,store,4,59.85,239.4
2092,2025-01-21,West,Electronics,Laptop,store,6,922.23,5533.38
2093,2025-07-19,West,Grocery,Olive Oil,online,3,11.41,34.23
2094,2025-04-17,West,Electronics,Headphones,store,0,75.93,0.0
2095,2025-11-02,West,Home,Towel Set,store,13,27.53,357.89
2096,2025-05-26,Northeast,Electronics,Phone Case,store,4,25.0,100.0
2097,2025-07-20,South,Home,Blender,online,2,57.89,115.78
2098,2025-03-05,Northeast,Apparel,T-Shirt,store,7,17.51,122.57
2099,2025-09-29,West,Home,Lamp,online,3,33.85,101.55
2100,2025-04-21,Northeast,Home,Blender,online,6,58.71,352.26
2101,2025-06-22,West,Apparel,T-Shirt,store,7,17.33,121.31
2102,2025-01-22,West,Apparel,T-Shirt,store,7,18.78,131.46
2103,2025-08-11,West,Electronics,Laptop,online,1,892.39,892.39
2104,2025-01-22,West,Home,Lamp,store,2,34.64,69.28
2105,2025-01-14,Midwest,Electronics,Headphones,online,0,75.84,0.0
2106,2025-04-22,South,Apparel,T-Shirt,store,3,18.02,54.06
2107,2025-08-12,Midwest,Grocery,Pasta,online,5,3.54,17.7
2108,2025-05-29,West,Electronics,Laptop,store,1,934.63,934.63
2109,2025-09-28,East,Apparel,Jeans,online,3,47.89,143.67
2110,2025-07-28,West,Home,Towel Set,store,2,28.32,56.64
2111,2025-01-28,West,Apparel,Jeans,online,1,48.51,48.51
2112,2025-09-17,Northeast,Electronics,Headphones,store,4,79.59,318.36
2113,2025-05-11,East,Grocery,Olive Oil,store,7,12.32,86.24
2114,2025-12-03,West,Grocery,Coffee Beans,store,13,13.5,175.5
2115,2025-07-16,Northeast,Home,Blender,store,5,59.39,296.95
2116,2025-01-11,South,Home,Blender,online,4,56.69,226.76
2117,2025-05-31,Midwest,Grocery,Olive Oil,online,1,11.89,11.89
2118,2025-10-13,Midwest,Electronics,Headphones,store,0,82.73,0.0
2119,2025-08-15,West,Home,Lamp,online,4,35.07,140.28
2120,2025-06-16,Northeast,Apparel,Jacket,online,3,92.55,277.65
2121,2025-12-03,West,Apparel,T-Shirt,store,6,18.83,112.98
2122,2025-12-22,Midwest,Apparel,T-Shirt,online,6,17.83,106.98
2123,2025-10-06,Midwest,Apparel,T-Shirt,store,6,18.13,108.78
2124,2025-07-28,East,Electronics,Phone Case,store,2,24.74,49.48
2125,2025-12-11,East,Home,Towel Set,store,2,28.2,56.4
2126,2025-05-09,South,Grocery,Olive Oil,online,5,11.69,58.45
2127,2025-09-18,West,Electronics,Laptop,store,1,921.68,921.68
2128,2025-01-04,Northeast,Grocery,Olive Oil,store,7,12.49,87.43
2129,2025-02-02,West,Grocery,Olive Oil,online,4,11.49,45.96
2130,2025-11-10,West,Electronics,Laptop,online,8,887.78,7102.24
2131,2025-11-28,West,Apparel,Jacket,online,9,92.18,829.62
2132,2025-08-21,East,Home,Towel Set,store,3,28.4,85.2
2133,2025-01-26,East,Apparel,Jeans,online,8,49.9,399.2
2134,2025-08-15,Midwest,Home,Blender,store,7,61.27,428.89
2135,2025-07-30,Northeast,Home,Lamp,online,2,35.19,70.38
2136,2025-09-09,Midwest,Grocery,Coffee Beans,online,2,14.09,28.18
2137,2025-05-15,West,Apparel,T-Shirt,online,8,17.46,139.68
2138,2025-04-29,West,Home,Lamp,store,3,35.75,107.25
2139,2025-04-14,Midwest,Electronics,Headphones,online,0,78.72,0.0
2140,2025-03-26,West,Home,Blender,store,7,56.71,396.97
2141,2025-05-02,South,Home,Lamp,store,6,35.16,210.96
2142,2025-07-12,West,Home,Lamp,online,5,36.37,181.85
2143,2025-06-07,West,Home,Towel Set,store,7,26.73,187.11
2144,2025-05-31,West,Grocery,Pasta,store,4,3.67,14.68
2145,2025-08-20,South,Electronics,Headphones,store,4,79.27,317.08
2146,2025-09-13,East,Home,Blender,online,2,60.97,121.94
2147,2025-09-09,Northeast,Home,Blender,online,7,57.59,403.13
2148,2025-03-29,South,Grocery,Olive Oil,store,7,11.68,81.76
2149,2025-04-29,Northeast,Home,Blender,online,6,59.26,355.56
2150,2025-07-29,West,Home,Towel Set,store,1,29.29,29.29
2151,2025-09-10,Northeast,Grocery,Pasta,online,1,3.48,3.48
2152,2025-07-26,Midwest,Home,Lamp,online,1,36.26,36.26
2153,2025-07-06,Midwest,Home,Blender,online,6,57.11,342.66
2154,2025-06-17,West,Grocery,Olive Oil,store,6,11.42,68.52
2155,2025-10-04,West,Apparel,Jeans,online,6,49.12,294.72
2156,2025-10-20,West,Grocery,Pasta,online,9,3.52,31.68
2157,2025-08-09,Northeast,Apparel,Jacket,online,3,93.03,279.09
2158,2025-01-20,West,Home,Towel Set,store,5,29.33,146.65
2159,2025-09-17,East,Apparel,Jacket,store,2,92.08,184.16
2160,2025-11-28,West,Apparel,Jeans,store,9,50.22,451.98
2161,2025-12-02,West,Apparel,T-Shirt,online,13,18.71,243.23
2162,2025-07-19,Northeast,Home,Blender,store,2,57.67,115.34
2163,2025-11-11,West,Grocery,Pasta,store,10,3.46,34.6
2164,2025-10-22,Northeast,Grocery,Olive Oil,online,3,12.4,37.2
2165,2025-06-13,East,Grocery,Olive Oil,online,6,12.35,74.1
2166,2025-12-15,Midwest,Home,Towel Set,online,5,27.63,138.15
2167,2025-01-16,South,Grocery,Pasta,store,1,3.56,3.56
2168,2025-01-16,East,Apparel,Jacket,online,6,91.48,548.88
2169,2025-07-11,East,Grocery,Pasta,store,6,3.39,20.34
2170,2025-11-10,West,Home,Towel Set,online,11,28.51,313.61
2171,2025-04-24,East,Electronics,Headphones,store,0,76.35,0.0
2172,2025-12-15,East,Apparel,Jacket,store,6,86.13,516.78
2173,2025-07-19,West,Home,Lamp,online,4,36.29,145.16
2174,2025-06-25,South,Electronics,Laptop,online,7,904.39,6330.73
2175,2025-07-09,Midwest,Apparel,Jeans,store,6,45.68,274.08
2176,2025-09-07,South,Apparel,T-Shirt,online,2,17.45,34.9
2177,2025-12-12,Northeast,Electronics,Laptop,store,3,907.9,2723.7
2178,2025-01-25,South,Home,Lamp,online,6,33.55,201.3
2179,2025-04-18,West,Apparel,Jeans,store,6,46.12,276.72
2180,2025-04-14,West,Home,Lamp,online,8,36.11,288.88
2181,2025-09-26,West,Grocery,Pasta,store,5,3.34,16.7
2182,2025-03-18,West,Apparel,T-Shirt,online,3,18.5,55.5
2183,2025-08-22,Northeast,Electronics,Phone Case,store,3,24.15,72.45
2184,2025-09-02,West,Apparel,T-Shirt,online,6,18.62,111.72
2185,2025-07-25,West,Home,Lamp,store,6,34.71,208.26
2186,2025-10-26,Midwest,Grocery,Pasta,store,3,3.63,10.89
2187,2025-09-10,Northeast,Apparel,Jacket,store,6,89.37,536.22
2188,2025-10-29,West,Apparel,Jeans,store,8,46.45,371.6
2189,2025-11-11,West,Grocery,Pasta,online,4,3.37,13.48
2190,2025-01-22,West,Apparel,Jeans,online,4,48.41,193.64
2191,2025-02-07,East,Electronics,Headphones,store,0,75.6,0.0
2192,2025-06-24,Northeast,Home,Towel Set,store,3,28.16,84.48
2193,2025-12-16,West,Apparel,Jeans,store,12,47.45,569.4
2194,2025-09-13,East,Grocery,Pasta,store,5,3.58,17.9
2195,2025-11-26,West,Electronics,Laptop,store,8,930.1,7440.8
2196,2025-05-28,West,Home,Blender,online,4,60.4,241.6
2197,2025-02-02,West,Home,Towel Set,online,2,28.36,56.72
2198,2025-01-31,West,Electronics,Phone Case,online,8,23.8,190.4
2199,2025-03-23,Northeast,Grocery,Pasta,online,8,3.51,28.08
2200,2025-07-26,West,Grocery,Coffee Beans,online,8,14.56,116.48
2201,2025-08-26,South,Apparel,Jeans,online,1,47.42,47.42
2202,2025-06-16,West,Electronics,Phone Case,store,4,23.72,94.88
2203,2025-02-22,Northeast,Home,Towel Set,store,8,29.29,234.32
2204,2025-03-31,West,Home,Blender,store,4,60.69,242.76
2205,2025-10-17,East,Electronics,Headphones,online,5,76.41,382.05
2206,2025-11-11,West,Grocery,Coffee Beans,online,14,14.33,200.62
2207,2025-10-27,West,Apparel,T-Shirt,online,8,17.53,140.24
2208,2025-12-01,West,Home,Towel Set,online,10,27.5,275.0
2209,2025-08-02,West,Grocery,Olive Oil,store,7,11.66,81.62
2210,2025-05-29,West,Apparel,Jeans,store,8,48.37,386.96
2211,2025-11-09,West,Home,Lamp,store,9,33.26,299.34
2212,2025-02-05,West,Apparel,T-Shirt,store,8,18.47,147.76
2213,2025-02-27,South,Home,Towel Set,online,1,26.97,26.97
2214,2025-12-12,West,Home,Lamp,store,8,35.8,286.4
2215,2025-04-07,West,Electronics,Headphones,store,4,79.84,319.36
2216,2025-09-23,Northeast,Grocery,Pasta,online,6,3.57,21.42
2217,2025-12-08,East,Home,Towel Set,store,1,29.19,29.19
2218,2025-04-14,West,Apparel,T-Shirt,store,6,18.26,109.56
2219,2025-02-26,South,Home,Blender,online,3,56.18,168.54
2220,2025-11-26,Northeast,Apparel,Jacket,online,4,85.37,341.48
2221,2025-09-02,Northeast,Home,Blender,online,7,61.43,430.01
2222,2025-08-29,West,Grocery,Coffee Beans,online,1,13.5,13.5
2223,2025-11-21,West,Home,Blender,online,14,56.98,797.72
2224,2025-08-27,East,Electronics,Laptop,online,7,864.47,6051.29
2225,2025-07-26,West,Home,Blender,online,1,59.69,59.69
2226,2025-08-17,West,Apparel,Jacket,store,4,92.85,371.4
2227,2025-11-15,East,Electronics,Headphones,online,0,78.46,0.0
2228,2025-10-02,West,Home,Lamp,store,6,35.97,215.82
2229,2025-05-25,West,Electronics,Headphones,online,5,81.29,406.45
2230,2025-03-13,West,Apparel,T-Shirt,online,7,18.17,127.19
2231,2025-03-07,West,Home,Towel Set,store,6,29.38,176.28
2232,2025-07-14,West,Electronics,Laptop,store,8,865.58,6924.64
2233,2025-01-09,East,Grocery,Coffee Beans,online,7,13.69,95.83
2234,2025-07-03,Northeast,Apparel,Jeans,store,3,49.26,147.78
2235,2025-04-19,South,Electronics,Phone Case,online,8,22.86,182.88
2236,2025-01-28,South,Home,Lamp,online,5,35.2,176.0
2237,2025-01-31,West,Electronics,Headphones,online,1,78.46,78.46
2238,2025-07-31,East,Apparel,Jacket,online,5,87.6,438.0
2239,2025-03-23,West,Home,Towel Set,store,1,26.69,26.69
2240,2025-03-05,West,Apparel,Jeans,store,8,48.31,386.48
2241,2025-07-08,South,Electronics,Headphones,store,3,79.71,239.13
2242,2025-07-10,East,Home,Lamp,store,3,36.2,108.6
2243,2025-05-09,West,Electronics,Laptop,online,2,923.2,1846.4
2244,2025-01-20,Midwest,Home,Blender,store,2,58.4,116.8
2245,2025-09-08,West,Electronics,Phone Case,online,6,24.04,144.24
2246,2025-08-18,West,Electronics,Phone Case,online,1,25.14,25.14
2247,2025-08-26,West,Electronics,Headphones,store,0,75.85,0.0
2248,2025-12-31,West,Electronics,Laptop,store,11,886.51,9751.61
2249,2025-06-03,Midwest,Home,Blender,online,7,56.2,393.4
2250,2025-04-04,Northeast,Apparel,Jeans,store,5,48.98,244.9
2251,2025-09-12,West,Electronics,Phone Case,online,4,23.6,94.4
2252,2025-11-07,West,Grocery,Pasta,store,11,3.64,40.04
2253,2025-02-10,West,Home,Blender,store,1,56.16,56.16
2254,2025-05-17,Midwest,Electronics,Headphones,store,0,80.0,0.0
2255,2025-02-04,West,Grocery,Olive Oil,store,2,12.2,24.4
2256,2025-05-10,West,Apparel,Jacket,online,2,89.39,178.78
2257,2025-10-16,South,Electronics,Headphones,online,3,80.32,240.96
2258,2025-03-30,West,Electronics,Phone Case,store,8,24.35,194.8
2259,2025-07-22,Northeast,Grocery,Olive Oil,online,4,12.18,48.72
2260,2025-08-26,West,Grocery,Pasta,store,7,3.36,23.52
2261,2025-02-20,West,Grocery,Pasta,online,5,3.49,17.45
2262,2025-05-08,East,Apparel,Jeans,online,5,46.61,233.05
2263,2025-10-26,West,Grocery,Coffee Beans,online,9,14.3,128.7
2264,2025-08-09,East,Electronics,Laptop,store,8,858.63,6869.04
2265,2025-10-04,West,Electronics,Headphones,online,9,81.69,735.21
2266,2025-12-05,West,Electronics,Laptop,store,12,915.57,10986.84
2267,2025-02-27,West,Grocery,Coffee Beans,store,1,14.6,14.6
2268,2025-02-06,Midwest,Apparel,Jeans,online,2,46.37,92.74
2269,2025-08-20,South,Home,Towel Set,store,6,29.32,175.92
2270,2025-08-13,Northeast,Home,Blender,online,1,57.58,57.58
2271,2025-08-03,Midwest,Electronics,Laptop,online,2,888.23,1776.46
2272,2025-06-03,West,Electronics,Laptop,store,5,914.67,4573.35
2273,2025-03-26,Midwest,Home,Lamp,store,8,35.28,282.24
2274,2025-12-07,South,Electronics,Phone Case,store,2,23.35,46.7
2275,2025-05-13,West,Grocery,Coffee Beans,store,8,13.9,111.2
2276,2025-10-10,East,Grocery,Pasta,online,7,3.44,24.08
2277,2025-07-01,West,Grocery,Olive Oil,store,1,11.62,11.62
2278,2025-11-06,South,Grocery,Pasta,online,7,3.58,25.06
2279,2025-01-14,Northeast,Apparel,T-Shirt,online,3,17.9,53.7
2280,2025-10-15,West,Grocery,Coffee Beans,online,13,14.67,190.71
2281,2025-05-05,Midwest,Apparel,Jacket,online,4,84.55,338.2
2282,2025-05-17,Northeast,Home,Towel Set,online,3,29.06,87.18
2283,2025-05-13,East,Grocery,Olive Oil,online,2,11.91,23.82
2284,2025-02-15,East,Electronics,Phone Case,online,3,23.66,70.98
2285,2025-04-15,West,Home,Blender,store,1,60.3,60.3
2286,2025-06-24,East,Electronics,Headphones,store,0,79.44,0.0
2287,2025-06-20,West,Home,Lamp,store,8,35.88,287.04
2288,2025-03-16,Northeast,Electronics,Headphones,store,3,80.19,240.57
2289,2025-05-21,West,Grocery,Pasta,online,8,3.49,27.92
2290,2025-02-03,East,Apparel,Jacket,online,1,89.42,89.42
2291,2025-07-25,Northeast,Home,Blender,store,5,56.52,282.6
2292,2025-07-31,West,Home,Lamp,online,7,36.47,255.29
2293,2025-05-16,Northeast,Home,Towel Set,store,8,28.55,228.4
2294,2025-06-09,Midwest,Apparel,Jacket,online,5,87.46,437.3
2295,2025-06-10,West,Electronics,Laptop,online,3,918.99,2756.97
2296,2025-01-30,Midwest,Apparel,T-Shirt,store,1,18.7,18.7
2297,2025-06-29,West,Grocery,Coffee Beans,store,1,14.26,14.26
2298,2025-04-27,Northeast,Grocery,Coffee Beans,store,7,13.74,96.18
2299,2025-12-30,West,Apparel,Jeans,store,13,48.48,630.24
2300,2025-01-04,West,Apparel,T-Shirt,store,5,18.05,90.25
2301,2025-04-02,West,Grocery,Pasta,store,7,3.6,25.2
2302,2025-08-09,West,Apparel,Jeans,store,5,46.38,231.9
2303,2025-06-11,South,Grocery,Pasta,store,1,3.51,3.51
2304,2025-10-20,South,Apparel,T-Shirt,online,1,18.51,18.51
2305,2025-08-06,West,Apparel,Jeans,store,3,49.8,149.4
2306,2025-11-21,West,Grocery,Pasta,store,15,3.34,50.1
2307,2025-06-21,South,Home,Blender,online,7,60.15,421.05
2308,2025-03-24,West,Home,Blender,store,8,57.12,456.96
2309,2025-08-08,Midwest,Grocery,Pasta,store,6,3.37,20.22
2310,2025-11-10,West,Electronics,Laptop,online,5,869.95,4349.75
2311,2025-07-10,Northeast,Apparel,Jacket,store,1,93.39,93.39
2312,2025-10-02,West,Grocery,Olive Oil,store,15,11.98,179.7
2313,2025-03-07,West,Home,Towel Set,store,1,27.84,27.84
2314,2025-05-20,Midwest,Apparel,T-Shirt,store,2,17.24,34.48
2315,2025-03-26,West,Apparel,T-Shirt,store,7,17.72,124.04
2316,2025-06-27,Midwest,Electronics,Headphones,store,3,82.74,248.22
2317,2025-05-16,East,Apparel,T-Shirt,online,4,18.31,73.24
2318,2025-09-15,South,Apparel,Jeans,online,7,45.75,320.25
2319,2025-05-11,South,Apparel,Jacket,store,3,87.56,262.68
2320,2025-04-11,West,Electronics,Laptop,online,8,867.91,6943.28
2321,2025-05-27,Northeast,Grocery,Olive Oil,online,7,11.94,83.58
2322,2025-04-16,South,Home,Lamp,online,7,33.36,233.52
2323,2025-12-17,West,Electronics,Headphones,store,4,80.69,322.76
2324,2025-11-07,East,Electronics,Headphones,store,0,80.7,0.0
2325,2025-07-17,East,Apparel,Jacket,online,4,86.92,347.68
2326,2025-06-19,South,Electronics,Laptop,online,7,900.32,6302.24
2327,2025-08-14,South,Electronics,Headphones,store,0,82.86,0.0
2328,2025-05-11,South,Apparel,Jeans,store,4,45.86,183.44
2329,2025-10-01,West,Grocery,Olive Oil,online,5,11.94,59.7
2330,2025-11-25,South,Home,Towel Set,online,8,27.01,216.08
2331,2025-09-15,South,Grocery,Olive Oil,store,3,12.59,37.77
2332,2025-12-20,South,Apparel,Jeans,online,2,49.62,99.24
2333,2025-05-21,East,Apparel,Jeans,online,2,45.77,91.54
2334,2025-11-03,Midwest,Apparel,T-Shirt,store,4,17.34,69.36
2335,2025-10-13,Northeast,Grocery,Coffee Beans,online,2,13.63,27.26
2336,2025-03-19,Northeast,Grocery,Coffee Beans,store,3,14.59,43.77
2337,2025-10-18,West,Home,Towel Set,online,8,28.59,228.72
2338,2025-03-16,West,Electronics,Laptop,online,1,874.73,874.73
2339,2025-01-09,West,Grocery,Pasta,store,1,3.46,3.46
2340,2025-01-16,Northeast,Grocery,Olive Oil,store,2,11.55,23.1
2341,2025-06-01,Midwest,Electronics,Headphones,online,0,82.3,0.0
2342,2025-10-11,West,Apparel,Jacket,online,9,90.26,812.34
2343,2025-09-19,Midwest,Apparel,Jeans,online,5,46.54,232.7
2344,2025-07-29,Northeast,Apparel,Jacket,online,4,84.86,339.44
2345,2025-01-09,Midwest,Home,Blender,store,5,60.87,304.35
2346,2025-06-18,Northeast,Grocery,Pasta,online,1,3.44,3.44
2347,2025-08-12,Midwest,Grocery,Pasta,online,7,3.35,23.45
2348,2025-07-09,West,Electronics,Phone Case,online,1,25.17,25.17
2349,2025-08-17,West,Grocery,Olive Oil,store,8,12.33,98.64
2350,2025-01-22,West,Apparel,Jacket,online,4,88.38,353.52
2351,2025-05-31,Midwest,Grocery,Coffee Beans,store,1,14.15,14.15
2352,2025-09-28,Midwest,Electronics,Headphones,store,0,81.22,0.0
2353,2025-01-16,Northeast,Grocery,Coffee Beans,store,2,13.93,27.86
2354,2025-10-19,Midwest,Electronics,Phone Case,online,2,23.1,46.2
2355,2025-03-09,South,Grocery,Olive Oil,online,5,11.86,59.3
2356,2025-02-10,West,Apparel,T-Shirt,online,6,18.51,111.06
2357,2025-06-21,West,Grocery,Pasta,store,2,3.43,6.86
2358,2025-12-10,Midwest,Apparel,Jeans,online,2,49.36,98.72
2359,2025-10-05,Northeast,Home,Lamp,online,7,35.38,247.66
2360,2025-03-12,East,Home,Blender,store,2,58.02,116.04
2361,2025-08-19,West,Apparel,Jacket,store,3,86.92,260.76
2362,2025-02-23,South,Apparel,Jeans,store,1,49.6,49.6
2363,2025-06-13,Northeast,Home,Blender,online,6,56.8,340.8
2364,2025-09-12,Northeast,Electronics,Phone Case,online,7,22.95,160.65
2365,2025-04-23,South,Grocery,Pasta,online,4,3.49,13.96
2366,2025-03-11,Midwest,Home,Towel Set,online,6,29.17,175.02
2367,2025-05-24,West,Electronics,Headphones,online,0,76.32,0.0
2368,2025-08-20,East,Grocery,Coffee Beans,store,6,14.62,87.72
2369,2025-01-04,West,Apparel,Jacket,online,6,85.36,512.16
2370,2025-01-01,Midwest,Electronics,Phone Case,online,7,23.56,164.92
2371,2025-02-11,West,Apparel,T-Shirt,store,3,17.2,51.6
2372,2025-04-13,West,Grocery,Coffee Beans,store,1,14.13,14.13
2373,2025-01-03,South,Electronics,Phone Case,store,6,24.15,144.9
2374,2025-12-24,West,Home,Towel Set,store,10,27.76,277.6
2375,2025-06-26,West,Apparel,Jeans,store,7,49.28,344.96
2376,2025-02-15,Northeast,Home,Lamp,online,2,36.07,72.14
2377,2025-04-20,West,Electronics,Headphones,store,0,75.41,0.0
2378,2025-10-15,Midwest,Home,Towel Set,online,5,26.79,133.95
2379,2025-04-20,South,Grocery,Pasta,online,3,3.44,10.32
2380,2025-08-04,Midwest,Apparel,Jacket,store,7,84.9,594.3
2381,2025-08-18,Northeast,Home,Towel Set,store,4,29.09,116.36
2382,2025-10-08,West,Home,Lamp,online,11,34.59,380.49
2383,2025-03-12,South,Apparel,T-Shirt,store,5,18.57,92.85
2384,2025-12-27,West,Apparel,Jeans,store,12,47.29,567.48
2385,2025-03-23,East,Electronics,Phone Case,online,6,24.1,144.6
2386,2025-06-16,West,Grocery,Olive Oil,store,2,12.28,24.56
2387,2025-04-30,West,Electronics,Laptop,store,7,924.07,6468.49
2388,2025-02-18,West,Home,Lamp,store,8,35.71,285.68
2389,2025-12-16,West,Home,Blender,online,10,58.45,584.5
2390,2025-06-11,South,Electronics,Phone Case,online,2,25.2,50.4
2391,2025-12-08,West,Grocery,Pasta,store,4,3.63,14.52
2392,2025-03-22,West,Electronics,Headphones,online,2,77.71,155.42
2393,2025-06-27,Northeast,Apparel,Jeans,store,5,45.75,228.75
2394,2025-01-23,Midwest,Electronics,Headphones,online,0,81.72,0.0
2395,2025-10-09,West,Apparel,Jacket,store,12,90.28,1083.36
2396,2025-02-03,West,Grocery,Pasta,online,1,3.66,3.66
2397,2025-04-15,Northeast,Electronics,Laptop,store,1,885.35,885.35
2398,2025-04-20,Northeast,Apparel,T-Shirt,online,2,18.08,36.16
2399,2025-04-24,South,Home,Towel Set,store,4,27.57,110.28
2400,2025-07-11,South,Home,Blender,store,1,58.34,58.34
2401,2025-01-31,Midwest,Electronics,Phone Case,online,7,23.75,166.25
2402,2025-10-08,West,Grocery,Olive Oil,store,9,11.97,107.73
2403,2025-05-04,Northeast,Apparel,Jacket,online,4,90.93,363.72
2404,2025-12-06,West,Apparel,Jeans,store,4,49.74,198.96
2405,2025-07-21,Midwest,Home,Lamp,store,3,33.28,99.84
2406,2025-11-21,West,Electronics,Laptop,store,12,873.16,10477.92
2407,2025-05-11,West,Grocery,Coffee Beans,store,5,13.45,67.25
2408,2025-04-05,East,Home,Blender,online,2,57.87,115.74
2409,2025-02-05,West,Electronics,Phone Case,online,7,24.34,170.38
2410,2025-12-13,West,Home,Blender,store,7,59.06,413.42
2411,2025-03-19,West,Electronics,Headphones,store,5,78.56,392.8
2412,2025-01-04,South,Grocery,Pasta,store,3,3.44,10.32
2413,2025-02-14,West,Grocery,Pasta,online,4,3.46,13.84
2414,2025-05-04,East,Electronics,Phone Case,online,6,23.9,143.4
2415,2025-09-24,South,Grocery,Pasta,online,3,3.57,10.71
2416,2025-01-01,West,Electronics,Headphones,online,1,76.83,76.83
2417,2025-04-03,East,Electronics,Phone Case,online,2,22.96,45.92
2418,2025-09-25,Midwest,Electronics,Phone Case,store,7,24.16,169.12
2419,2025-02-24,Northeast,Grocery,Coffee Beans,store,2,13.77,27.54
2420,2025-10-29,Northeast,Grocery,Olive Oil,store,2,11.6,23.2
2421,2025-07-15,West,Electronics,Headphones,online,5,78.83,394.15
2422,2025-04-21,West,Grocery,Olive Oil,online,8,12.01,96.08
2423,2025-03-30,South,Apparel,Jeans,online,3,48.76,146.28
2424,2025-03-28,Midwest,Home,Blender,online,4,57.1,228.4
2425,2025-11-11,West,Home,Towel Set,online,6,26.98,161.88
2426,2025-05-10,West,Apparel,Jeans,store,3,48.74,146.22
2427,2025-09-26,West,Grocery,Pasta,online,3,3.57,10.71
2428,2025-11-18,East,Electronics,Phone Case,online,5,25.15,125.75
2429,2025-12-23,West,Home,Blender,store,11,58.99,648.89
2430,2025-02-22,East,Electronics,Laptop,online,1,891.62,891.62
2431,2025-07-28,East,Electronics,Phone Case,online,4,23.63,94.52
2432,2025-08-14,South,Grocery,Olive Oil,online,4,12.13,48.52
2433,2025-03-09,West,Home,Towel Set,online,2,27.76,55.52
2434,2025-08-29,Northeast,Electronics,Laptop,online,1,864.78,864.78
2435,2025-05-15,Northeast,Apparel,T-Shirt,store,3,17.81,53.43
2436,2025-10-18,West,Home,Blender,store,6,58.92,353.52
2437,2025-07-27,South,Grocery,Pasta,store,1,3.66,3.66
2438,2025-07-16,Midwest,Home,Blender,store,1,58.19,58.19
2439,2025-06-05,South,Apparel,Jacket,online,7,88.47,619.29
2440,2025-07-20,South,Home,Towel Set,online,6,28.19,169.14
2441,2025-01-05,Northeast,Grocery,Coffee Beans,store,3,13.57,40.71
2442,2025-07-17,West,Electronics,Laptop,store,5,941.13,4705.65
2443,2025-04-21,East,Apparel,Jacket,store,3,86.92,260.76
2444,2025-02-21,Northeast,Electronics,Phone Case,store,2,25.08,50.16
2445,2025-11-15,East,Home,Towel Set,store,2,29.14,58.28
2446,2025-12-03,Midwest,Apparel,T-Shirt,online,4,18.11,72.44
2447,2025-03-10,South,Grocery,Coffee Beans,store,6,14.23,85.38
2448,2025-09-30,East,Apparel,T-Shirt,online,4,18.56,74.24
2449,2025-02-09,West,Apparel,Jacket,store,6,88.16,528.96
2450,2025-05-17,Midwest,Grocery,Olive Oil,store,8,12.0,96.0
2451,2025-07-25,South,Apparel,T-Shirt,store,7,18.84,131.88
2452,2025-07-09,South,Grocery,Pasta,store,2,3.66,7.32
2453,2025-08-09,South,Home,Blender,online,6,58.08,348.48
2454,2025-01-12,West,Apparel,Jacket,store,6,89.07,534.42
2455,2025-04-05,Northeast,Home,Lamp,store,7,35.27,246.89
2456,2025-06-04,East,Electronics,Laptop,online,5,894.79,4473.95
2457,2025-03-11,Northeast,Electronics,Headphones,online,3,78.09,234.27
2458,2025-01-27,South,Home,Blender,online,2,61.6,123.2
2459,2025-06-04,South,Home,Towel Set,online,7,27.87,195.09
2460,2025-04-23,Midwest,Home,Blender,online,2,56.23,112.46
2461,2025-09-11,South,Home,Blender,online,8,56.52,452.16
2462,2025-02-17,Northeast,Apparel,Jeans,online,5,46.6,233.0
2463,2025-04-01,Northeast,Grocery,Pasta,store,8,3.62,28.96
2464,2025-01-25,West,Home,Towel Set,online,1,29.04,29.04
2465,2025-12-21,South,Home,Blender,store,3,58.78,176.34
2466,2025-10-23,West,Apparel,Jeans,online,4,46.54,186.16
2467,2025-05-23,West,Apparel,T-Shirt,store,2,18.78,37.56
2468,2025-01-13,South,Apparel,Jacket,online,3,84.87,254.61
2469,2025-09-05,East,Home,Blender,store,8,57.15,457.2
2470,2025-12-06,East,Electronics,Headphones,online,0,79.82,0.0
2471,2025-10-21,West,Home,Lamp,online,6,34.98,209.88
2472,2025-04-12,West,Grocery,Olive Oil,store,3,11.82,35.46
2473,2025-09-23,East,Electronics,Phone Case,online,8,24.18,193.44
2474,2025-05-07,South,Apparel,Jacket,online,3,92.64,277.92
2475,2025-03-28,West,Grocery,Coffee Beans,online,3,14.55,43.65
2476,2025-01-01,Midwest,Home,Lamp,online,7,33.7,235.9
2477,2025-08-07,West,Apparel,T-Shirt,store,1,17.81,17.81
2478,2025-10-10,West,Home,Lamp,store,9,36.01,324.09
2479,2025-03-23,East,Grocery,Coffee Beans,online,2,13.32,26.64
2480,2025-03-21,South,Home,Towel Set,online,8,28.58,228.64
2481,2025-12-08,Midwest,Apparel,Jacket,store,8,91.49,731.92
2482,2025-04-13,South,Home,Blender,online,4,61.83,247.32
2483,2025-12-20,East,Home,Towel Set,online,5,28.38,141.9
2484,2025-05-10,South,Home,Towel Set,online,6,27.1,162.6
2485,2025-07-27,West,Home,Towel Set,store,1,27.19,27.19
2486,2025-07-19,Midwest,Home,Blender,online,5,59.19,295.95
2487,2025-07-23,Midwest,Apparel,T-Shirt,online,6,17.11,102.66
2488,2025-04-28,South,Electronics,Phone Case,store,2,23.16,46.32
2489,2025-04-23,East,Grocery,Olive Oil,online,5,12.01,60.05
2490,2025-12-06,West,Grocery,Olive Oil,store,14,11.86,166.04
2491,2025-05-22,West,Apparel,Jeans,store,3,48.33,144.99
2492,2025-11-17,South,Electronics,Headphones,store,3,75.62,226.86
2493,2025-06-18,West,Electronics,Phone Case,store,4,24.22,96.88
2494,2025-10-30,West,Grocery,Pasta,online,5,3.35,16.75
2495,2025-01-10,Midwest,Home,Towel Set,online,8,26.8,214.4
2496,2025-02-19,West,Electronics,Laptop,store,4,860.64,3442.56
2497,2025-10-20,West,Grocery,Olive Oil,store,14,11.96,167.44
2498,2025-01-19,Northeast,Grocery,Coffee Beans,online,8,13.53,108.24
2499,2025-09-05,Northeast,Home,Blender,store,1,59.9,59.9
2500,2025-08-24,Northeast,Grocery,Olive Oil,store,4,11.82,47.28
2501,2025-11-20,South,Home,Blender,online,7,59.77,418.39
2502,2025-06-18,West,Apparel,T-Shirt,online,1,17.32,17.32
2503,2025-03-23,West,Electronics,Headphones,online,0,81.17,0.0
2504,2025-07-13,South,Grocery,Pasta,store,1,3.33,3.33
2505,2025-01-01,West,Grocery,Pasta,store,7,3.43,24.01
2506,2025-09-12,Northeast,Grocery,Olive Oil,store,2,12.51,25.02
2507,2025-08-03,Midwest,Apparel,Jeans,online,6,46.83,280.98
2508,2025-01-17,West,Home,Lamp,store,8,35.7,285.6
2509,2025-04-12,West,Grocery,Pasta,store,8,3.54,28.32
2510,2025-08-14,West,Apparel,T-Shirt,store,4,17.5,70.0
2511,2025-01-26,Northeast,Grocery,Olive Oil,online,6,11.62,69.72
2512,2025-02-26,West,Home,Lamp,store,7,35.61,249.27
2513,2025-06-03,West,Apparel,Jacket,store,6,92.7,556.2
2514,2025-11-10,West,Apparel,Jeans,store,11,46.79,514.69
2515,2025-05-30,South,Apparel,T-Shirt,store,7,18.2,127.4
2516,2025-10-19,Northeast,Home,Towel Set,online,5,28.93,144.65
2517,2025-05-22,South,Home,Towel Set,store,5,29.06,145.3
2518,2025-01-09,Northeast,Home,Blender,online,6,56.33,337.98
2519,2025-09-14,Northeast,Grocery,Olive Oil,online,5,12.59,62.95
2520,2025-02-21,West,Electronics,Phone Case,store,3,23.11,69.33
2521,2025-02-28,West,Grocery,Pasta,store,6,3.64,21.84
2522,2025-04-09,Midwest,Apparel,Jeans,store,3,49.44,148.32
2523,2025-03-06,West,Electronics,Laptop,store,7,879.05,6153.35
2524,2025-06-05,West,Home,Towel Set,online,1,28.19,28.19
2525,2025-03-14,South,Electronics,Laptop,online,8,872.39,6979.12
2526,2025-06-20,South,Grocery,Coffee Beans,store,8,14.12,112.96
2527,2025-01-02,Midwest,Electronics,Phone Case,online,5,25.07,125.35
2528,2025-12-28,West,Apparel,T-Shirt,store,13,18.35,238.55
2529,2025-04-24,West,Home,Towel Set,store,4,26.73,106.92
2530,2025-06-01,East,Grocery,Coffee Beans,online,4,13.35,53.4
2531,2025-04-10,South,Home,Lamp,store,2,33.98,67.96
2532,2025-01-10,Midwest,Grocery,Olive Oil,store,1,12.34,12.34
2533,2025-01-17,South,Home,Towel Set,store,1,27.67,27.67
2534,2025-03-20,West,Grocery,Pasta,store,5,3.35,16.75
2535,2025-04-07,South,Home,Lamp,online,6,33.79,202.74
2536,2025-01-25,West,Apparel,Jeans,store,8,47.22,377.76
2537,2025-06-22,East,Home,Blender,online,3,59.12,177.36
2538,2025-11-16,West,Home,Blender,online,6,58.0,348.0
2539,2025-04-15,East,Electronics,Laptop,online,8,876.85,7014.8
2540,2025-08-14,West,Electronics,Phone Case,store,6,24.68,148.08
2541,2025-01-06,Midwest,Home,Lamp,store,6,35.88,215.28
2542,2025-05-08,West,Home,Lamp,store,2,33.99,67.98
2543,2025-03-30,Northeast,Apparel,Jeans,online,4,46.73,186.92
2544,2025-05-19,East,Electronics,Laptop,store,1,895.26,895.26
2545,2025-02-16,East,Home,Towel Set,online,6,27.42,164.52
2546,2025-01-30,Midwest,Apparel,Jacket,store,2,91.04,182.08
2547,2025-09-01,Midwest,Apparel,Jeans,store,3,46.11,138.33
2548,2025-05-16,West,Apparel,Jacket,online,8,89.33,714.64
2549,2025-03-20,Midwest,Home,Lamp,online,6,33.88,203.28
2550,2025-11-03,West,Apparel,Jeans,store,13,49.24,640.12
2551,2025-05-11,East,Home,Lamp,online,8,35.45,283.6
2552,2025-10-21,West,Home,Blender,online,4,56.55,226.2
2553,2025-09-29,Northeast,Electronics,Laptop,store,7,942.38,6596.66
2554,2025-11-11,West,Electronics,Headphones,online,8,81.87,654.96
2555,2025-01-19,East,Home,Lamp,online,5,35.31,176.55
2556,2025-12-22,West,Apparel,Jacket,online,7,88.95,622.65
2557,2025-03-14,Midwest,Apparel,T-Shirt,online,3,18.1,54.3
2558,2025-03-25,West,Apparel,T-Shirt,online,3,17.3,51.9
2559,2025-07-12,South,Grocery,Coffee Beans,online,1,14.34,14.34
2560,2025-12-21,East,Home,Lamp,store,1,34.31,34.31
2561,2025-06-06,Northeast,Grocery,Olive Oil,store,8,11.41,91.28
2562,2025-01-11,West,Apparel,Jacket,store,6,91.37,548.22
2563,2025-02-06,South,Home,Towel Set,store,3,27.99,83.97
2564,2025-07-23,East,Home,Towel Set,store,5,27.76,138.8
2565,2025-04-05,Midwest,Grocery,Pasta,online,6,3.38,20.28
2566,2025-10-18,West,Grocery,Coffee Beans,store,6,13.79,82.74
2567,2025-11-06,West,Apparel,Jacket,online,8,85.89,687.12
2568,2025-02-06,Midwest,Home,Blender,online,6,59.54,357.24
2569,2025-12-07,Midwest,Home,Lamp,online,3,34.87,104.61
2570,2025-11-27,West,Apparel,Jacket,online,10,84.93,849.3
2571,2025-06-21,Northeast,Electronics,Phone Case,store,4,23.03,92.12
2572,2025-02-24,Northeast,Electronics,Laptop,store,4,905.64,3622.56
2573,2025-12-27,West,Electronics,Laptop,online,6,862.53,5175.18
2574,2025-07-10,Northeast,Electronics,Phone Case,store,7,24.09,168.63
2575,2025-10-06,West,Grocery,Pasta,store,9,3.64,32.76
2576,2025-02-26,South,Electronics,Headphones,store,1,82.86,82.86
2577,2025-01-22,East,Grocery,Pasta,store,6,3.41,20.46
2578,2025-09-24,Midwest,Grocery,Pasta,store,2,3.59,7.18
2579,2025-11-02,West,Home,Blender,store,9,59.94,539.46
2580,2025-03-14,Midwest,Home,Blender,online,1,57.19,57.19
2581,2025-06-06,West,Apparel,T-Shirt,store,2,18.06,36.12
2582,2025-05-25,Northeast,Electronics,Laptop,store,8,931.61,7452.88
2583,2025-03-20,Midwest,Apparel,Jacket,online,4,90.35,361.4
2584,2025-02-26,West,Electronics,Laptop,store,1,892.01,892.01
2585,2025-12-19,West,Electronics,Laptop,store,10,938.22,9382.2
2586,2025-06-22,Midwest,Home,Blender,online,1,57.95,57.95
2587,2025-06-17,South,Home,Towel Set,online,1,28.14,28.14
2588,2025-07-01,East,Grocery,Olive Oil,online,1,12.19,12.19
2589,2025-01-31,Northeast,Grocery,Coffee Beans,store,4,14.36,57.44
2590,2025-04-27,West,Home,Towel Set,store,4,28.48,113.92
2591,2025-04-20,Midwest,Electronics,Phone Case,store,7,24.32,170.24
2592,2025-04-01,West,Home,Lamp,store,2,36.63,73.26
2593,2025-01-01,East,Home,Towel Set,online,4,27.16,108.64
2594,2025-11-08,West,Home,Lamp,online,9,34.86,313.74
2595,2025-09-02,West,Grocery,Pasta,store,1,3.46,3.46
2596,2025-08-05,South,Home,Blender,online,5,61.1,305.5
2597,2025-05-07,Northeast,Home,Lamp,store,2,36.6,73.2
2598,2025-08-24,West,Apparel,Jacket,store,4,89.71,358.84
2599,2025-10-05,South,Grocery,Coffee Beans,online,3,14.69,44.07
2600,2025-12-26,West,Apparel,Jacket,store,10,89.3,893.0
2601,2025-07-01,West,Home,Lamp,store,3,33.96,101.88
2602,2025-06-25,Northeast,Apparel,Jacket,store,1,90.14,90.14
2603,2025-08-16,East,Electronics,Headphones,store,0,80.01,0.0
2604,2025-11-13,West,Apparel,T-Shirt,store,13,18.13,235.69
2605,2025-01-12,Northeast,Grocery,Pasta,store,6,3.41,20.46
2606,2025-12-18,Northeast,Apparel,Jeans,store,4,45.96,183.84
2607,2025-11-08,South,Electronics,Headphones,store,5,76.97,384.85
2608,2025-11-19,West,Grocery,Olive Oil,online,12,12.6,151.2
2609,2025-10-01,West,Apparel,Jeans,online,11,49.4,543.4
2610,2025-11-24,Midwest,Electronics,Headphones,online,1,75.98,75.98
2611,2025-03-25,Midwest,Electronics,Headphones,store,1,77.34,77.34
2612,2025-01-10,East,Apparel,Jacket,store,2,87.74,175.48
2613,2025-04-24,West,Home,Towel Set,online,5,27.52,137.6
2614,2025-12-08,Northeast,Home,Towel Set,store,2,27.33,54.66
2615,2025-10-11,West,Home,Blender,online,13,61.51,799.63
2616,2025-01-07,West,Home,Blender,store,7,60.3,422.1
2617,2025-02-22,Northeast,Apparel,Jacket,online,6,84.7,508.2
2618,2025-07-18,Northeast,Apparel,Jacket,online,5,91.9,459.5
2619,2025-08-10,West,Grocery,Olive Oil,online,8,12.18,97.44
2620,2025-03-24,West,Electronics,Laptop,online,2,892.5,1785.0
2621,2025-01-25,South,Apparel,Jeans,online,1,48.49,48.49
2622,2025-07-21,South,Grocery,Olive Oil,store,6,12.38,74.28
2623,2025-03-26,West,Grocery,Coffee Beans,online,6,13.46,80.76
2624,2025-11-09,Midwest,Home,Lamp,store,3,35.94,107.82
2625,2025-04-03,West,Electronics,Headphones,online,3,76.75,230.25
2626,2025-08-14,South,Grocery,Pasta,store,5,3.64,18.2
2627,2025-10-05,West,Apparel,Jeans,online,10,48.48,484.8
2628,2025-02-19,East,Home,Lamp,online,2,34.96,69.92
2629,2025-03-12,South,Home,Blender,online,1,60.19,60.19
2630,2025-01-02,Midwest,Home,Towel Set,online,2,29.25,58.5
2631,2025-08-30,East,Grocery,Pasta,online,5,3.47,17.35
2632,2025-10-02,East,Apparel,Jacket,store,6,90.89,545.34
2633,2025-10-11,West,Home,Towel Set,store,10,27.08,270.8
2634,2025-12-31,West,Grocery,Coffee Beans,store,8,13.98,111.84
2635,2025-02-04,West,Electronics,Phone Case,online,2,23.67,47.34
2636,2025-05-13,South,Apparel,Jeans,online,4,49.27,197.08
2637,2025-07-02,South,Grocery,Olive Oil,store,8,11.53,92.24
2638,2025-03-02,South,Grocery,Coffee Beans,store,4,13.71,54.84
2639,2025-01-19,Midwest,Electronics,Laptop,online,4,865.27,3461.08
2640,2025-08-04,West,Electronics,Phone Case,online,3,23.38,70.14
2641,2025-08-07,Northeast,Grocery,Olive Oil,online,2,12.37,24.74
2642,2025-06-30,Midwest,Grocery,Coffee Beans,online,7,13.7,95.9
2643,2025-04-05,West,Apparel,T-Shirt,online,5,17.9,89.5
2644,2025-07-29,East,Apparel,Jacket,online,1,88.85,88.85
2645,2025-02-21,West,Apparel,Jeans,store,5,46.5,232.5
2646,2025-07-15,Midwest,Grocery,Olive Oil,store,7,12.52,87.64
2647,2025-10-29,South,Home,Blender,store,5,56.86,284.3
2648,2025-07-12,Midwest,Apparel,Jeans,online,1,48.53,48.53
2649,2025-12-20,West,Electronics,Phone Case,store,8,23.95,191.6
2650,2025-04-30,South,Home,Blender,online,7,59.24,414.68
2651,2025-12-06,South,Home,Towel Set,store,5,27.69,138.45
2652,2025-11-14,Northeast,Grocery,Olive Oil,store,6,11.93,71.58
2653,2025-09-09,Northeast,Apparel,Jacket,online,2,92.96,185.92
2654,2025-10-31,West,Home,Blender,store,16,60.45,967.2
2655,2025-10-03,West,Home,Lamp,online,11,35.49,390.39
2656,2025-08-25,West,Apparel,Jacket,store,5,92.7,463.5
2657,2025-06-18,South,Home,Lamp,store,3,35.91,107.73
2658,2025-09-25,Northeast,Electronics,Laptop,online,1,919.33,919.33
2659,2025-04-18,South,Grocery,Olive Oil,online,4,12.33,49.32
2660,2025-11-09,Midwest,Electronics,Headphones,store,1,79.6,79.6
2661,2025-11-13,Northeast,Home,Blender,store,1,58.81,58.81
2662,2025-07-09,Northeast,Grocery,Pasta,online,6,3.4,20.4
2663,2025-02-15,South,Electronics,Phone Case,store,1,25.11,25.11
2664,2025-12-09,West,Home,Towel Set,store,5,26.66,133.3
2665,2025-10-22,West,Electronics,Laptop,online,10,940.22,9402.2
2666,2025-08-31,South,Apparel,T-Shirt,online,1,18.4,18.4
2667,2025-10-21,West,Apparel,Jacket,online,5,92.16,460.8
2668,2025-05-26,East,Apparel,T-Shirt,store,2,17.47,34.94
2669,2025-06-25,Northeast,Grocery,Coffee Beans,store,3,14.36,43.08
2670,2025-08-14,West,Apparel,Jacket,store,4,89.61,358.44
2671,2025-06-30,Northeast,Electronics,Phone Case,online,6,24.3,145.8
2672,2025-08-09,West,Apparel,Jeans,online,6,46.01,276.06
2673,2025-07-17,East,Grocery,Olive Oil,online,2,11.83,23.66
2674,2025-02-21,East,Grocery,Olive Oil,online,4,12.19,48.76
2675,2025-08-30,Midwest,Electronics,Laptop,store,7,943.66,6605.62
2676,2025-07-29,West,Home,Lamp,online,7,35.07,245.49
2677,2025-05-11,Midwest,Electronics,Laptop,online,8,910.1,7280.8
2678,2025-06-15,East,Apparel,Jacket,store,5,88.2,441.0
2679,2025-01-22,West,Electronics,Laptop,online,4,866.22,3464.88
2680,2025-01-05,Midwest,Grocery,Coffee Beans,store,2,13.49,26.98
2681,2025-05-15,South,Grocery,Coffee Beans,online,4,14.13,56.52
2682,2025-01-12,Northeast,Electronics,Headphones,store,5,78.23,391.15
2683,2025-11-17,West,Home,Blender,store,13,61.59,800.67
2684,2025-06-13,South,Electronics,Phone Case,online,6,24.79,148.74
2685,2025-10-03,Midwest,Home,Lamp,online,4,34.84,139.36
2686,2025-01-11,Midwest,Electronics,Laptop,store,5,929.49,4647.45
2687,2025-01-18,East,Electronics,Phone Case,store,8,23.29,186.32
2688,2025-08-15,South,Home,Towel Set,online,5,27.2,136.0
2689,2025-09-01,South,Electronics,Laptop,online,2,908.44,1816.88
2690,2025-06-28,Midwest,Electronics,Laptop,online,6,889.64,5337.84
2691,2025-05-16,West,Apparel,T-Shirt,online,4,18.65,74.6
2692,2025-02-13,South,Grocery,Pasta,online,5,3.33,16.65
2693,2025-02-03,West,Grocery,Olive Oil,store,4,11.52,46.08
2694,2025-03-23,East,Electronics,Laptop,store,5,918.29,4591.45
2695,2025-02-20,East,Home,Lamp,store,8,33.35,266.8
2696,2025-03-19,South,Grocery,Coffee Beans,online,2,13.55,27.1
2697,2025-09-11,East,Home,Lamp,online,4,34.18,136.72
2698,2025-03-30,West,Electronics,Laptop,online,7,881.51,6170.57
2699,2025-02-20,East,Electronics,Headphones,online,0,76.23,0.0
2700,2025-12-22,West,Home,Blender,online,10,59.56,595.6
2701,2025-08-01,West,Apparel,T-Shirt,store,1,18.83,18.83
2702,2025-01-06,Midwest,Apparel,T-Shirt,online,4,17.27,69.08
2703,2025-03-11,Northeast,Electronics,Laptop,store,8,873.49,6987.92
2704,2025-02-15,West,Grocery,Coffee Beans,online,4,13.43,53.72
2705,2025-10-04,Northeast,Electronics,Phone Case,store,7,24.92,174.44
2706,2025-09-11,West,Electronics,Laptop,store,5,882.48,4412.4
2707,2025-07-28,Midwest,Electronics,Phone Case,online,2,24.11,48.22
2708,2025-08-31,Midwest,Apparel,Jeans,online,3,47.55,142.65
2709,2025-04-26,South,Home,Blender,store,7,56.9,398.3
2710,2025-01-08,West,Home,Blender,store,3,60.51,181.53
2711,2025-12-07,Northeast,Apparel,Jeans,store,8,49.43,395.44
2712,2025-04-03,West,Home,Towel Set,online,6,27.78,166.68
2713,2025-06-11,West,Home,Lamp,store,8,33.53,268.24
2714,2025-11-05,Northeast,Electronics,Phone Case,online,6,23.45,140.7
2715,2025-12-21,West,Apparel,T-Shirt,store,5,17.17,85.85
2716,2025-10-22,South,Electronics,Laptop,store,7,902.64,6318.48
2717,2025-12-26,West,Grocery,Pasta,store,11,3.52,38.72
2718,2025-04-20,West,Electronics,Phone Case,store,5,23.55,117.75
2719,2025-01-13,East,Grocery,Olive Oil,online,2,12.57,25.14
2720,2025-10-20,West,Apparel,Jacket,online,8,85.31,682.48
2721,2025-01-26,Northeast,Home,Lamp,online,6,36.17,217.02
2722,2025-04-28,South,Grocery,Pasta,store,1,3.66,3.66
2723,2025-09-16,West,Home,Towel Set,store,7,27.49,192.43
2724,2025-04-06,West,Electronics,Laptop,online,4,943.76,3775.04
2725,2025-09-09,East,Electronics,Headphones,store,0,75.06,0.0
2726,2025-04-22,West,Electronics,Laptop,store,5,876.41,4382.05
2727,2025-07-26,Northeast,Electronics,Phone Case,online,2,22.81,45.62
2728,2025-03-04,Midwest,Electronics,Laptop,online,3,888.62,2665.86
2729,2025-05-01,West,Grocery,Coffee Beans,store,8,14.34,114.72
2730,2025-11-13,West,Electronics,Phone Case,store,9,23.52,211.68
2731,2025-08-06,South,Grocery,Coffee Beans,online,5,13.37,66.85
2732,2025-12-17,West,Grocery,Coffee Beans,online,10,14.31,143.1
2733,2025-02-12,Northeast,Electronics,Headphones,online,3,80.28,240.84
2734,2025-12-22,West,Home,Towel Set,store,5,27.02,135.1
2735,2025-11-22,West,Electronics,Laptop,store,9,872.34,7851.06
2736,2025-07-31,Midwest,Apparel,Jeans,store,5,46.96,234.8
2737,2025-07-27,East,Electronics,Laptop,online,5,903.54,4517.7
2738,2025-11-26,East,Electronics,Phone Case,online,4,25.01,100.04
2739,2025-09-20,South,Electronics,Laptop,store,6,866.7,5200.2
2740,2025-09-14,Midwest,Apparel,Jacket,store,8,92.6,740.8
2741,2025-04-27,South,Home,Lamp,store,4,33.81,135.24
2742,2025-06-26,West,Electronics,Headphones,online,0,76.31,0.0
2743,2025-10-14,Northeast,Apparel,T-Shirt,online,2,18.34,36.68
2744,2025-11-18,West,Apparel,Jeans,online,10,46.98,469.8
2745,2025-01-17,West,Home,Blender,online,7,57.61,403.27
2746,2025-01-13,West,Home,Towel Set,online,8,28.06,224.48
2747,2025-02-14,West,Home,Blender,online,7,59.4,415.8
2748,2025-02-05,East,Electronics,Phone Case,store,6,25.07,150.42
2749,2025-01-06,Midwest,Grocery,Pasta,online,5,3.66,18.3
2750,2025-06-09,West,Apparel,Jacket,online,8,92.51,740.08
2751,2025-08-03,South,Grocery,Coffee Beans,online,6,14.17,85.02
2752,2025-05-02,West,Grocery,Olive Oil,online,5,12.56,62.8
2753,2025-09-09,South,Home,Lamp,store,7,33.54,234.78
2754,2025-10-01,West,Apparel,T-Shirt,online,9,18.59,167.31
2755,2025-08-20,Northeast,Grocery,Pasta,store,7,3.65,25.55
2756,2025-03-20,South,Electronics,Phone Case,store,7,24.92,174.44
2757,2025-10-07,West,Apparel,Jacket,store,10,88.76,887.6
2758,2025-03-23,East,Apparel,T-Shirt,online,2,17.84,35.68
2759,2025-09-19,Northeast,Grocery,Pasta,online,6,3.37,20.22
2760,2025-05-20,South,Electronics,Headphones,store,5,81.99,409.95
2761,2025-03-20,East,Electronics,Headphones,store,3,81.71,245.13
2762,2025-03-25,Northeast,Home,Blender,store,5,59.94,299.7
2763,2025-05-25,West,Electronics,Laptop,store,2,923.64,1847.28
2764,2025-09-29,West,Home,Blender,store,4,57.43,229.72
2765,2025-06-22,South,Home,Towel Set,online,5,28.08,140.4
2766,2025-10-28,Northeast,Electronics,Headphones,store,3,77.1,231.3
2767,2025-02-20,West,Home,Blender,online,6,60.86,365.16
2768,2025-06-09,South,Electronics,Phone Case,online,1,23.39,23.39
2769,2025-03-02,West,Apparel,Jacket,store,4,84.59,338.36
2770,2025-09-12,West,Grocery,Coffee Beans,online,1,13.58,13.58
2771,2025-12-24,West,Grocery,Olive Oil,online,8,11.5,92.0
2772,2025-01-07,Midwest,Electronics,Laptop,online,8,921.49,7371.92
2773,2025-02-20,Midwest,Grocery,Coffee Beans,online,7,14.54,101.78
2774,2025-03-21,South,Electronics,Phone Case,store,5,23.04,115.2
2775,2025-11-22,Northeast,Apparel,Jeans,online,2,48.62,97.24
2776,2025-04-16,South,Home,Lamp,online,1,35.72,35.72
2777,2025-08-30,Northeast,Grocery,Olive Oil,online,8,11.97,95.76
2778,2025-11-03,East,Grocery,Coffee Beans,store,1,13.45,13.45
2779,2025-10-10,West,Grocery,Coffee Beans,online,12,14.55,174.6
2780,2025-09-04,West,Home,Lamp,store,1,36.18,36.18
2781,2025-08-18,Northeast,Electronics,Laptop,online,1,925.81,925.81
2782,2025-12-11,Northeast,Apparel,Jeans,store,1,49.76,49.76
2783,2025-01-08,West,Apparel,Jacket,store,3,86.28,258.84
2784,2025-04-20,East,Home,Blender,store,7,59.5,416.5
2785,2025-11-05,Midwest,Apparel,Jeans,store,8,47.51,380.08
2786,2025-01-11,Midwest,Apparel,T-Shirt,store,2,18.22,36.44
2787,2025-05-06,South,Home,Blender,store,2,56.37,112.74
2788,2025-07-28,East,Grocery,Coffee Beans,online,1,13.97,13.97
2789,2025-04-22,West,Apparel,T-Shirt,store,2,18.63,37.26
2790,2025-11-14,East,Home,Lamp,store,4,35.01,140.04
2791,2025-01-13,West,Electronics,Phone Case,store,2,24.24,48.48
2792,2025-01-08,East,Electronics,Laptop,online,2,887.16,1774.32
2793,2025-07-13,South,Grocery,Olive Oil,store,4,11.89,47.56
2794,2025-04-29,Northeast,Apparel,T-Shirt,store,2,18.09,36.18
2795,2025-01-02,West,Apparel,Jeans,store,3,46.85,140.55
2796,2025-09-09,Northeast,Grocery,Coffee Beans,store,6,13.96,83.76
2797,2025-06-14,West,Home,Towel Set,online,8,29.14,233.12
2798,2025-06-18,East,Home,Towel Set,store,8,28.74,229.92
2799,2025-09-17,West,Apparel,Jeans,online,1,47.41,47.41
2800,2025-12-10,Midwest,Home,Blender,store,5,56.16,280.8
2801,2025-05-30,South,Apparel,Jeans,store,1,47.85,47.85
2802,2025-07-03,West,Electronics,Laptop,store,8,872.35,6978.8
2803,2025-03-04,South,Grocery,Olive Oil,online,1,11.98,11.98
2804,2025-04-21,West,Apparel,Jeans,online,3,48.14,144.42
2805,2025-08-15,West,Apparel,Jacket,store,3,90.83,272.49
2806,2025-07-16,West,Home,Lamp,store,7,35.95,251.65
2807,2025-12-17,East,Grocery,Coffee Beans,store,8,14.7,117.6
2808,2025-08-02,East,Electronics,Headphones,store,0,80.45,0.0
2809,2025-02-04,East,Apparel,T-Shirt,store,3,17.96,53.88
2810,2025-07-03,East,Grocery,Olive Oil,store,7,12.13,84.91
2811,2025-12-10,South,Grocery,Olive Oil,online,6,11.61,69.66
2812,2025-07-09,South,Electronics,Headphones,online,5,80.48,402.4
2813,2025-03-16,Northeast,Grocery,Olive Oil,online,6,12.55,75.3
2814,2025-11-02,Midwest,Apparel,T-Shirt,store,6,17.45,104.7
2815,2025-07-30,Midwest,Grocery,Pasta,store,3,3.45,10.35
2816,2025-08-12,Northeast,Electronics,Laptop,store,3,867.28,2601.84
2817,2025-09-02,Midwest,Home,Lamp,online,3,33.88,101.64
2818,2025-03-31,East,Grocery,Coffee Beans,online,8,14.37,114.96
2819,2025-07-09,Midwest,Grocery,Olive Oil,online,2,12.56,25.12
2820,2025-08-05,West,Apparel,T-Shirt,store,5,17.31,86.55
2821,2025-10-10,West,Home,Blender,store,8,57.09,456.72
2822,2025-10-24,West,Home,Blender,online,14,61.35,858.9
2823,2025-10-09,West,Apparel,T-Shirt,store,5,17.58,87.9
2824,2025-08-05,West,Grocery,Pasta,online,2,3.65,7.3
2825,2025-07-24,Midwest,Electronics,Headphones,online,0,82.49,0.0
2826,2025-04-12,Midwest,Grocery,Coffee Beans,store,7,14.58,102.06
2827,2025-10-23,West,Electronics,Headphones,online,8,79.5,636.0
2828,2025-10-12,West,Home,Towel Set,online,11,28.68,315.48
2829,2025-02-01,West,Apparel,Jacket,store,4,85.52,342.08
2830,2025-11-06,West,Grocery,Olive Oil,online,12,12.59,151.08
2831,2025-10-04,East,Electronics,Headphones,online,0,77.8,0.0
2832,2025-10-16,West,Home,Lamp,store,10,34.83,348.3
2833,2025-08-21,Northeast,Apparel,Jeans,online,5,48.42,242.1
2834,2025-11-16,Northeast,Apparel,T-Shirt,store,7,18.4,128.8
2835,2025-06-04,Midwest,Grocery,Pasta,store,1,3.62,3.62
2836,2025-03-28,West,Electronics,Phone Case,online,3,24.16,72.48
2837,2025-11-01,West,Home,Blender,store,9,60.63,545.67
2838,2025-11-14,West,Apparel,Jacket,online,7,89.75,628.25
2839,2025-06-28,East,Home,Blender,online,4,61.7,246.8
2840,2025-07-03,West,Home,Lamp,store,1,34.45,34.45
2841,2025-02-28,East,Apparel,Jeans,store,1,49.42,49.42
2842,2025-04-26,Northeast,Apparel,Jacket,online,4,90.1,360.4
2843,2025-04-09,South,Home,Lamp,online,3,35.32,105.96
2844,2025-01-04,West,Apparel,Jacket,online,5,85.64,428.2
2845,2025-05-19,West,Electronics,Headphones,store,0,80.99,0.0
2846,2025-11-10,East,Electronics,Laptop,online,8,875.87,7006.96
2847,2025-07-25,Midwest,Grocery,Pasta,store,2,3.42,6.84
2848,2025-01-08,Northeast,Apparel,Jacket,online,8,89.59,716.72
2849,2025-06-25,West,Home,Blender,store,4,58.68,234.72
2850,2025-02-21,East,Grocery,Coffee Beans,store,5,14.5,72.5
2851,2025-08-31,Northeast,Grocery,Pasta,store,3,3.36,10.08
2852,2025-12-26,West,Grocery,Coffee Beans,store,7,14.43,101.01
2853,2025-01-03,East,Apparel,Jeans,online,4,46.9,187.6
2854,2025-03-27,West,Apparel,Jacket,online,6,92.2,553.2
2855,2025-01-06,South,Home,Towel Set,online,2,26.88,53.76
2856,2025-06-03,West,Grocery,Pasta,store,5,3.55,17.75
2857,2025-08-27,East,Apparel,Jacket,store,3,92.2,276.6
2858,2025-02-17,East,Apparel,Jacket,store,2,90.78,181.56
2859,2025-10-30,West,Electronics,Headphones,store,8,78.94,631.52
2860,2025-07-15,East,Home,Blender,online,7,59.52,416.64
2861,2025-07-01,West,Electronics,Laptop,store,5,896.06,4480.3
2862,2025-08-10,Northeast,Apparel,Jacket,store,4,91.09,364.36
2863,2025-10-05,West,Apparel,Jacket,store,12,90.87,1090.44
2864,2025-07-27,West,Apparel,Jeans,store,3,46.2,138.6
2865,2025-07-05,East,Apparel,Jacket,store,7,85.26,596.82
2866,2025-03-28,East,Home,Lamp,online,3,35.89,107.67
2867,2025-06-30,Midwest,Home,Lamp,store,7,33.85,236.95
2868,2025-04-07,South,Home,Towel Set,online,3,26.85,80.55
2869,2025-03-25,South,Electronics,Headphones,online,5,79.74,398.7
2870,2025-12-26,Midwest,Home,Towel Set,store,7,26.71,186.97
2871,2025-07-24,West,Apparel,T-Shirt,store,3,17.87,53.61
2872,2025-02-04,South,Electronics,Laptop,online,1,909.3,909.3
2873,2025-02-13,East,Apparel,T-Shirt,online,5,17.34,86.7
2874,2025-08-26,West,Home,Lamp,online,7,35.68,249.76
2875,2025-01-11,East,Grocery,Pasta,online,5,3.44,17.2
2876,2025-07-24,West,Grocery,Coffee Beans,store,3,14.67,44.01
2877,2025-07-20,Northeast,Apparel,T-Shirt,online,4,18.13,72.52
2878,2025-08-26,West,Apparel,Jeans,online,7,47.73,334.11
2879,2025-12-04,West,Home,Towel Set,online,10,27.18,271.8
2880,2025-02-28,West,Apparel,Jeans,online,5,50.23,251.15
2881,2025-03-12,West,Grocery,Pasta,store,5,3.64,18.2
2882,2025-03-01,East,Grocery,Coffee Beans,store,7,13.96,97.72
2883,2025-09-25,Midwest,Electronics,Headphones,online,2,81.29,162.58
2884,2025-11-16,South,Grocery,Coffee Beans,store,6,13.76,82.56
2885,2025-02-21,Midwest,Electronics,Laptop,store,4,909.76,3639.04
2886,2025-03-30,East,Electronics,Laptop,store,8,904.43,7235.44
2887,2025-06-07,South,Electronics,Headphones,online,0,76.78,0.0
2888,2025-06-21,Northeast,Grocery,Olive Oil,store,1,11.94,11.94
2889,2025-03-26,South,Apparel,Jacket,online,3,87.92,263.76
2890,2025-08-03,West,Apparel,Jacket,store,7,86.09,602.63
2891,2025-12-28,West,Electronics,Laptop,store,14,874.47,12242.58
2892,2025-06-10,South,Home,Blender,store,4,60.33,241.32
2893,2025-06-14,Northeast,Electronics,Laptop,online,2,896.93,1793.86
2894,2025-05-15,West,Apparel,Jeans,store,5,49.14,245.7
2895,2025-04-24,Northeast,Apparel,Jeans,online,7,47.79,334.53
2896,2025-07-12,West,Grocery,Olive Oil,store,5,12.45,62.25
2897,2025-08-01,East,Grocery,Coffee Beans,store,2,14.07,28.14
2898,2025-07-08,West,Apparel,Jacket,online,3,92.9,278.7
2899,2025-08-20,East,Electronics,Laptop,store,8,884.12,7072.96
2900,2025-11-29,Northeast,Grocery,Coffee Beans,store,6,14.67,88.02
2901,2025-07-30,Midwest,Electronics,Headphones,online,0,76.85,0.0
2902,2025-05-17,Northeast,Home,Blender,online,8,58.39,467.12
2903,2025-12-07,West,Grocery,Pasta,online,7,3.52,24.64
2904,2025-04-04,Midwest,Apparel,T-Shirt,online,8,18.49,147.92
2905,2025-09-18,Midwest,Apparel,T-Shirt,store,1,18.32,18.32
2906,2025-07-18,East,Grocery,Coffee Beans,store,3,14.25,42.75
2907,2025-12-23,Northeast,Grocery,Pasta,online,6,3.58,21.48
2908,2025-11-23,West,Electronics,Phone Case,store,6,24.17,145.02
2909,2025-12-22,South,Grocery,Olive Oil,online,7,12.05,84.35
2910,2025-12-16,West,Grocery,Pasta,online,4,3.39,13.56
2911,2025-07-25,Northeast,Electronics,Headphones,online,2,82.5,165.0
2912,2025-09-18,West,Home,Lamp,online,7,35.22,246.54
2913,2025-12-26,West,Home,Blender,store,8,56.58,452.64
2914,2025-08-05,South,Apparel,T-Shirt,store,3,18.16,54.48
2915,2025-01-16,Northeast,Home,Blender,online,5,61.7,308.5
2916,2025-12-18,Northeast,Electronics,Laptop,store,7,886.31,6204.17
2917,2025-08-19,West,Grocery,Olive Oil,online,6,11.48,68.88
2918,2025-10-03,West,Electronics,Headphones,store,5,82.92,414.6
2919,2025-04-29,Northeast,Apparel,Jacket,online,3,91.77,275.31
2920,2025-12-22,West,Grocery,Olive Oil,online,7,11.9,83.3
2921,2025-11-21,West,Apparel,Jacket,online,14,90.58,1268.12
2922,2025-09-28,West,Electronics,Headphones,store,2,82.02,164.04
2923,2025-12-01,South,Electronics,Laptop,store,2,923.7,1847.4
2924,2025-09-01,West,Home,Lamp,store,1,33.4,33.4
2925,2025-04-15,West,Electronics,Phone Case,online,7,23.89,167.23
2926,2025-03-18,Northeast,Grocery,Olive Oil,online,5,12.18,60.9
2927,2025-06-03,South,Electronics,Phone Case,online,6,23.9,143.4
2928,2025-10-17,West,Grocery,Olive Oil,store,14,11.51,161.14
2929,2025-01-02,Northeast,Electronics,Phone Case,store,3,24.86,74.58
2930,2025-08-30,East,Electronics,Phone Case,online,1,24.07,24.07
2931,2025-05-03,Midwest,Electronics,Phone Case,online,7,25.19,176.33
2932,2025-04-10,South,Apparel,Jeans,online,7,47.17,330.19
2933,2025-11-19,South,Apparel,Jacket,store,2,92.56,185.12
2934,2025-04-02,West,Apparel,Jacket,online,6,87.2,523.2
2935,2025-04-21,West,Electronics,Laptop,online,4,895.27,3581.08
2936,2025-01-05,South,Grocery,Pasta,online,7,3.41,23.87
2937,2025-11-29,West,Home,Lamp,online,11,34.56,380.16
2938,2025-06-07,West,Apparel,T-Shirt,store,2,17.56,35.12
2939,2025-12-25,Midwest,Apparel,Jeans,online,7,50.26,351.82
2940,2025-12-26,West,Home,Blender,store,14,61.21,856.94
2941,2025-05-08,South,Grocery,Pasta,online,3,3.67,11.01
2942,2025-04-29,Midwest,Grocery,Pasta,store,2,3.42,6.84
2943,2025-03-08,South,Grocery,Olive Oil,online,1,11.56,11.56
2944,2025-05-12,Northeast,Grocery,Coffee Beans,online,3,14.65,43.95
2945,2025-01-06,Midwest,Electronics,Headphones,store,4,76.45,305.8
2946,2025-11-09,Northeast,Home,Towel Set,online,8,27.2,217.6
2947,2025-07-24,Midwest,Grocery,Pasta,online,7,3.46,24.22
2948,2025-01-07,East,Apparel,Jacket,online,5,84.98,424.9
2949,2025-11-08,West,Apparel,T-Shirt,online,6,18.86,113.16
2950,2025-03-06,West,Electronics,Laptop,store,8,880.79,7046.32
2951,2025-07-24,West,Electronics,Headphones,online,5,81.79,408.95
2952,2025-02-06,West,Electronics,Laptop,store,8,882.94,7063.52
2953,2025-03-09,West,Grocery,Olive Oil,store,7,12.4,86.8
2954,2025-06-02,West,Home,Lamp,online,3,34.4,103.2
2955,2025-01-29,East,Apparel,T-Shirt,online,8,18.13,145.04
2956,2025-08-07,West,Apparel,Jacket,store,1,85.66,85.66
2957,2025-11-29,South,Grocery,Olive Oil,online,2,12.46,24.92
2958,2025-08-31,East,Electronics,Headphones,store,4,78.28,313.12
2959,2025-10-20,West,Grocery,Coffee Beans,store,6,14.49,86.94
2960,2025-05-07,South,Grocery,Pasta,online,6,3.57,21.42
2961,2025-04-26,East,Grocery,Olive Oil,store,2,12.42,24.84
2962,2025-01-07,West,Grocery,Pasta,online,2,3.55,7.1
2963,2025-09-12,South,Electronics,Laptop,store,3,861.8,2585.4
2964,2025-01-24,West,Apparel,Jacket,online,8,89.81,718.48
2965,2025-04-10,West,Home,Lamp,online,5,36.09,180.45
2966,2025-05-21,South,Electronics,Headphones,store,0,78.46,0.0
2967,2025-10-01,West,Home,Blender,store,9,61.87,556.83
2968,2025-08-29,West,Electronics,Headphones,online,3,82.77,248.31
2969,2025-02-15,East,Home,Towel Set,store,6,26.82,160.92
2970,2025-07-16,South,Electronics,Phone Case,online,6,24.14,144.84
2971,2025-09-18,West,Apparel,Jacket,online,2,91.04,182.08
2972,2025-06-14,Midwest,Apparel,Jeans,store,4,48.81,195.24
2973,2025-11-05,Midwest,Electronics,Phone Case,store,1,24.77,24.77
2974,2025-01-26,Northeast,Home,Blender,store,5,57.93,289.65
2975,2025-03-02,West,Home,Towel Set,online,1,27.1,27.1
2976,2025-12-15,West,Grocery,Pasta,online,5,3.59,17.95
2977,2025-09-21,Northeast,Grocery,Olive Oil,store,1,12.15,12.15
2978,2025-12-04,West,Electronics,Laptop,store,9,882.97,7946.73
2979,2025-07-15,Midwest,Home,Blender,online,7,58.07,406.49
2980,2025-03-09,East,Grocery,Pasta,store,1,3.62,3.62
2981,2025-08-10,Northeast,Grocery,Coffee Beans,online,2,13.36,26.72
2982,2025-11-03,West,Apparel,T-Shirt,online,9,17.27,155.43
2983,2025-07-13,West,Apparel,Jacket,store,1,89.48,89.48
2984,2025-06-25,West,Grocery,Coffee Beans,online,2,14.22,28.44
2985,2025-11-01,West,Apparel,Jeans,online,10,46.3,463.0
2986,2025-11-04,West,Grocery,Pasta,store,10,3.45,34.5
2987,2025-09-03,West,Home,Towel Set,online,2,26.82,53.64
2988,2025-05-29,West,Apparel,Jacket,online,7,89.68,627.76
2989,2025-09-06,Midwest,Home,Lamp,online,7,34.12,238.84
2990,2025-01-02,West,Home,Towel Set,store,5,26.81,134.05
2991,2025-01-09,West,Grocery,Olive Oil,store,7,11.41,79.87
2992,2025-09-22,South,Electronics,Headphones,online,0,75.38,0.0
2993,2025-08-11,South,Electronics,Laptop,online,7,912.21,6385.47
2994,2025-05-17,Northeast,Electronics,Laptop,online,2,906.79,1813.58
2995,2025-03-26,West,Home,Towel Set,online,3,27.0,81.0
2996,2025-01-12,South,Home,Towel Set,online,8,28.75,230.0
2997,2025-07-09,Northeast,Apparel,T-Shirt,online,3,18.13,54.39
2998,2025-07-20,West,Grocery,Coffee Beans,online,8,14.51,116.08
2999,2025-06-28,Midwest,Apparel,Jacket,store,5,86.84,434.2
3000,2025-11-19,East,Electronics,Headphones,store,3,80.95,242.85
3001,2025-12-22,West,Apparel,T-Shirt,online,9,17.32,155.88
3002,2025-10-15,West,Grocery,Pasta,store,10,3.51,35.1
3003,2025-06-19,Midwest,Home,Blender,store,8,56.93,455.44
3004,2025-11-12,South,Grocery,Pasta,online,7,3.41,23.87
3005,2025-02-22,East,Apparel,Jacket,store,1,84.82,84.82
3006,2025-06-01,East,Grocery,Pasta,online,6,3.37,20.22
3007,2025-02-02,South,Electronics,Laptop,store,1,939.89,939.89
3008,2025-02-04,West,Grocery,Pasta,online,1,3.44,3.44
3009,2025-06-27,Northeast,Electronics,Headphones,online,0,76.47,0.0
3010,2025-04-18,South,Apparel,Jeans,store,7,45.87,321.09
3011,2025-05-16,South,Home,Blender,store,8,60.15,481.2
3012,2025-10-26,West,Grocery,Coffee Beans,online,13,14.36,186.68
3013,2025-06-03,Midwest,Home,Lamp,store,2,34.61,69.22
3014,2025-10-11,West,Apparel,Jacket,store,14,86.9,1216.6
3015,2025-10-08,South,Grocery,Coffee Beans,online,8,14.66,117.28
3016,2025-08-31,West,Apparel,T-Shirt,online,2,18.55,37.1
3017,2025-10-16,West,Electronics,Phone Case,store,8,23.84,190.72
3018,2025-04-08,East,Grocery,Coffee Beans,online,7,13.59,95.13
3019,2025-05-29,East,Home,Lamp,online,7,35.92,251.44
3020,2025-08-24,Northeast,Home,Lamp,online,4,34.79,139.16
3021,2025-11-15,East,Home,Towel Set,store,1,28.42,28.42
3022,2025-03-11,East,Electronics,Phone Case,online,1,23.4,23.4
3023,2025-02-03,East,Home,Blender,store,4,57.78,231.12
3024,2025-06-02,West,Home,Towel Set,online,8,28.84,230.72
3025,2025-06-19,West,Apparel,Jeans,store,7,46.21,323.47
3026,2025-01-30,Midwest,Apparel,Jeans,online,4,46.57,186.28
3027,2025-03-05,West,Grocery,Pasta,online,3,3.4,10.2
3028,2025-04-05,Midwest,Home,Blender,store,8,58.7,469.6
3029,2025-04-22,West,Grocery,Olive Oil,online,7,12.55,87.85
3030,2025-06-02,West,Grocery,Coffee Beans,online,1,14.08,14.08
3031,2025-05-02,West,Apparel,Jacket,store,5,86.06,430.3
3032,2025-03-11,West,Electronics,Phone Case,store,5,24.7,123.5
3033,2025-01-28,West,Grocery,Pasta,online,7,3.56,24.92
3034,2025-08-31,South,Home,Lamp,store,6,34.72,208.32
3035,2025-10-19,Midwest,Home,Blender,online,7,57.5,402.5
3036,2025-04-08,South,Grocery,Pasta,store,5,3.58,17.9
3037,2025-10-21,West,Apparel,Jacket,store,7,90.3,632.1
3038,2025-09-25,Northeast,Grocery,Olive Oil,store,2,12.41,24.82
3039,2025-05-12,Northeast,Grocery,Coffee Beans,store,1,14.44,14.44
3040,2025-05-25,East,Home,Lamp,store,3,34.29,102.87
3041,2025-03-09,Northeast,Apparel,Jeans,online,3,46.23,138.69
3042,2025-10-08,Northeast,Electronics,Phone Case,online,5,23.59,117.95
3043,2025-10-15,East,Apparel,T-Shirt,online,3,18.36,55.08
3044,2025-12-17,East,Home,Blender,store,5,61.59,307.95
3045,2025-03-30,East,Apparel,Jeans,store,8,49.18,393.44
3046,2025-02-02,Northeast,Home,Blender,online,8,58.71,469.68
3047,2025-01-30,Northeast,Apparel,T-Shirt,store,7,18.04,126.28
3048,2025-12-24,West,Home,Towel Set,store,12,28.21,338.52
3049,2025-06-06,Northeast,Apparel,Jeans,online,6,49.21,295.26
3050,2025-09-21,Midwest,Apparel,Jacket,store,4,86.27,345.08
3051,2025-01-02,Midwest,Home,Blender,store,1,60.79,60.79
3052,2025-10-06,West,Home,Lamp,online,6,34.59,207.54
3053,2025-02-20,South,Apparel,Jacket,store,7,90.64,634.48
3054,2025-05-23,Northeast,Grocery,Pasta,store,6,3.59,21.54
3055,2025-09-10,East,Apparel,Jeans,store,1,46.92,46.92
3056,2025-01-27,Midwest,Apparel,Jacket,store,3,91.74,275.22
3057,2025-05-30,South,Electronics,Headphones,store,0,77.84,0.0
3058,2025-03-20,West,Apparel,Jeans,store,8,45.93,367.44
3059,2025-06-01,West,Home,Blender,store,7,61.43,430.01
3060,2025-01-09,East,Apparel,Jeans,online,8,49.1,392.8
3061,2025-01-11,Midwest,Home,Blender,store,5,60.83,304.15
3062,2025-03-20,Northeast,Grocery,Coffee Beans,online,6,13.36,80.16
3063,2025-01-25,Northeast,Home,Blender,store,4,60.46,241.84
3064,2025-05-18,West,Grocery,Olive Oil,online,8,12.39,99.12
3065,2025-11-02,Northeast,Grocery,Coffee Beans,store,3,13.77,41.31
3066,2025-10-12,West,Home,Lamp,store,6,35.38,212.28
3067,2025-06-12,Midwest,Home,Lamp,store,8,35.88,287.04
3068,2025-06-03,West,Apparel,Jeans,online,1,48.35,48.35
3069,2025-06-22,Northeast,Electronics,Laptop,store,5,854.15,4270.75
3070,2025-05-19,West,Electronics,Laptop,online,3,885.85,2657.55
3071,2025-06-20,Northeast,Electronics,Headphones,online,0,81.72,0.0
3072,2025-04-27,West,Grocery,Olive Oil,store,7,11.97,83.79
3073,2025-08-24,South,Electronics,Phone Case,store,7,22.96,160.72
3074,2025-05-17,Northeast,Home,Blender,online,3,59.01,177.03
3075,2025-11-07,West,Grocery,Olive Oil,store,11,11.53,126.83
3076,2025-05-06,East,Home,Lamp,online,6,35.83,214.98
3077,2025-10-08,West,Apparel,T-Shirt,store,13,17.86,232.18
3078,2025-09-22,Midwest,Home,Towel Set,online,3,27.68,83.04
3079,2025-10-30,West,Electronics,Headphones,online,3,82.81,248.43
3080,2025-08-28,East,Apparel,T-Shirt,store,6,18.58,111.48
3081,2025-10-16,West,Electronics,Headphones,online,4,76.91,307.64
3082,2025-04-23,West,Grocery,Olive Oil,online,3,12.58,37.74
3083,2025-04-27,Northeast,Electronics,Laptop,store,5,882.49,4412.45
3084,2025-10-05,Midwest,Electronics,Phone Case,store,8,24.74,197.92
3085,2025-10-25,West,Apparel,T-Shirt,store,11,17.86,196.46
3086,2025-04-14,West,Electronics,Headphones,online,0,78.71,0.0
3087,2025-10-26,West,Grocery,Olive Oil,online,10,12.07,120.7
3088,2025-09-19,Midwest,Home,Lamp,online,8,35.02,280.16
3089,2025-07-30,West,Home,Blender,store,3,58.4,175.2
3090,2025-05-02,West,Home,Blender,online,6,59.78,358.68
3091,2025-02-15,Northeast,Electronics,Laptop,store,2,930.23,1860.46
3092,2025-09-19,West,Grocery,Coffee Beans,store,1,13.84,13.84
3093,2025-03-02,West,Home,Blender,store,3,60.65,181.95
3094,2025-07-18,East,Home,Lamp,store,8,35.56,284.48
3095,2025-01-24,South,Electronics,Headphones,store,0,77.64,0.0
3096,2025-07-31,East,Home,Lamp,store,1,35.67,35.67
3097,2025-09-07,West,Home,Towel Set,online,6,26.88,161.28
3098,2025-06-24,South,Grocery,Olive Oil,online,2,11.83,23.66
3099,2025-09-26,Northeast,Home,Towel Set,store,5,28.59,142.95
3100,2025-05-15,West,Apparel,Jacket,online,2,85.48,170.96
3101,2025-06-09,West,Grocery,Coffee Beans,online,4,14.35,57.4
3102,2025-11-28,West,Home,Lamp,store,14,33.65,471.1
3103,2025-11-05,West,Electronics,Phone Case,store,15,24.91,373.65
3104,2025-08-17,East,Home,Towel Set,store,5,28.85,144.25
3105,2025-07-02,South,Apparel,Jeans,store,5,48.36,241.8
3106,2025-01-13,East,Grocery,Olive Oil,store,1,12.54,12.54
3107,2025-02-03,East,Apparel,Jeans,online,4,49.24,196.96
3108,2025-03-02,Midwest,Apparel,Jeans,online,3,48.49,145.47
3109,2025-12-06,West,Electronics,Phone Case,store,12,25.11,301.32
3110,2025-01-20,West,Electronics,Headphones,store,2,82.33,164.66
3111,2025-04-27,South,Electronics,Headphones,store,0,75.59,0.0
3112,2025-05-11,Northeast,Grocery,Pasta,online,4,3.66,14.64
3113,2025-06-03,Midwest,Grocery,Olive Oil,store,2,11.87,23.74
3114,2025-06-26,Northeast,Apparel,Jacket,store,8,90.34,722.72
3115,2025-05-18,Northeast,Electronics,Headphones,online,0,78.54,0.0
3116,2025-03-24,West,Electronics,Headphones,online,1,80.15,80.15
3117,2025-04-27,South,Apparel,Jacket,store,1,87.99,87.99
3118,2025-12-28,Northeast,Home,Towel Set,store,5,28.87,144.35
3119,2025-01-14,East,Home,Towel Set,store,4,27.41,109.64
3120,2025-04-14,West,Home,Lamp,store,1,36.64,36.64
3121,2025-10-22,Northeast,Grocery,Olive Oil,online,4,11.54,46.16
3122,2025-08-01,Midwest,Electronics,Phone Case,store,7,25.18,176.26
3123,2025-08-11,West,Home,Lamp,store,5,36.45,182.25
3124,2025-03-31,West,Home,Blender,online,4,60.06,240.24
3125,2025-05-18,Northeast,Electronics,Laptop,online,7,919.25,6434.75
3126,2025-10-11,West,Grocery,Pasta,store,4,3.54,14.16
3127,2025-08-31,Northeast,Electronics,Headphones,online,0,80.07,0.0
3128,2025-07-26,West,Apparel,T-Shirt,online,6,17.48,104.88
3129,2025-02-02,Midwest,Apparel,Jeans,store,7,46.27,323.89
3130,2025-01-27,West,Grocery,Coffee Beans,store,7,14.35,100.45
3131,2025-04-22,West,Apparel,Jacket,store,6,92.5,555.0
3132,2025-07-02,East,Home,Lamp,store,5,34.56,172.8
3133,2025-02-17,West,Electronics,Laptop,store,3,854.27,2562.81
3134,2025-06-21,East,Apparel,Jeans,store,7,49.8,348.6
3135,2025-09-04,West,Home,Towel Set,online,4,27.44,109.76
3136,2025-04-30,West,Apparel,Jeans,store,2,49.11,98.22
3137,2025-07-11,South,Home,Blender,store,5,56.6,283.0
3138,2025-12-23,Midwest,Grocery,Olive Oil,store,3,11.66,34.98
3139,2025-12-19,West,Electronics,Phone Case,store,14,23.48,328.72
3140,2025-11-30,West,Electronics,Phone Case,online,13,22.92,297.96
3141,2025-01-27,West,Grocery,Coffee Beans,online,2,13.74,27.48
3142,2025-06-16,West,Electronics,Headphones,online,0,78.47,0.0
3143,2025-03-29,West,Grocery,Olive Oil,online,2,12.06,24.12
3144,2025-01-24,Midwest,Apparel,Jeans,store,8,46.22,369.76
3145,2025-01-28,Northeast,Electronics,Laptop,store,4,927.94,3711.76
3146,2025-05-06,West,Apparel,Jeans,online,4,48.99,195.96
3147,2025-01-07,West,Home,Blender,online,7,57.14,399.98
3148,2025-06-21,South,Electronics,Phone Case,store,3,25.0,75.0
3149,2025-03-28,West,Electronics,Headphones,online,0,75.27,0.0
3150,2025-01-19,West,Electronics,Headphones,store,1,80.88,80.88
3151,2025-02-18,Midwest,Grocery,Coffee Beans,online,3,14.49,43.47
3152,2025-03-07,West,Home,Lamp,online,6,33.36,200.16
3153,2025-04-29,Northeast,Home,Blender,online,7,56.33,394.31
3154,2025-03-13,West,Electronics,Laptop,online,5,922.21,4611.05
3155,2025-10-01,West,Home,Towel Set,online,8,27.14,217.12
3156,2025-04-03,West,Home,Blender,online,5,60.37,301.85
3157,2025-06-21,Midwest,Apparel,Jeans,online,3,46.64,139.92
3158,2025-09-14,South,Grocery,Pasta,online,7,3.39,23.73
3159,2025-08-08,East,Electronics,Phone Case,store,8,23.39,187.12
3160,2025-11-22,East,Apparel,Jacket,store,8,86.13,689.04
3161,2025-04-29,West,Apparel,Jacket,online,7,93.43,654.01
3162,2025-07-09,Northeast,Electronics,Headphones,store,0,81.09,0.0
3163,2025-03-22,East,Electronics,Phone Case,store,2,23.8,47.6
3164,2025-05-17,South,Home,Blender,store,6,61.06,366.36
3165,2025-03-23,Midwest,Apparel,Jeans,store,4,49.05,196.2
3166,2025-06-23,Northeast,Grocery,Coffee Beans,store,3,14.35,43.05
3167,2025-05-29,Midwest,Grocery,Olive Oil,online,6,11.76,70.56
3168,2025-09-01,West,Grocery,Olive Oil,store,4,12.54,50.16
3169,2025-06-15,South,Grocery,Olive Oil,store,7,12.0,84.0
3170,2025-05-07,West,Grocery,Coffee Beans,store,3,14.32,42.96
3171,2025-06-01,Northeast,Home,Towel Set,online,6,27.76,166.56
3172,2025-04-25,Northeast,Electronics,Laptop,store,4,934.68,3738.72
3173,2025-12-22,West,Home,Blender,store,12,60.81,729.72
3174,2025-07-14,West,Home,Blender,online,7,57.67,403.69
3175,2025-09-04,West,Home,Lamp,store,2,35.26,70.52
3176,2025-03-09,South,Grocery,Coffee Beans,store,8,14.4,115.2
3177,2025-07-23,South,Home,Towel Set,online,5,27.69,138.45
3178,2025-06-26,East,Home,Towel Set,online,5,27.89,139.45
3179,2025-01-06,Northeast,Apparel,Jacket,online,2,93.39,186.78
3180,2025-04-03,Midwest,Apparel,Jacket,store,7,85.34,597.38
3181,2025-08-20,West,Grocery,Olive Oil,online,4,11.66,46.64
3182,2025-11-04,West,Electronics,Headphones,online,8,76.39,611.12
3183,2025-02-28,East,Apparel,Jacket,online,2,91.33,182.66
3184,2025-04-10,South,Apparel,T-Shirt,store,7,18.75,131.25
3185,2025-09-04,East,Apparel,Jacket,online,5,87.05,435.25
3186,2025-02-15,West,Grocery,Pasta,online,5,3.34,16.7
3187,2025-10-06,West,Grocery,Coffee Beans,store,5,14.11,70.55
3188,2025-01-25,East,Electronics,Laptop,store,2,930.75,1861.5
3189,2025-07-26,West,Electronics,Phone Case,online,3,23.39,70.17
3190,2025-03-04,East,Apparel,Jacket,store,5,87.24,436.2
3191,2025-03-21,East,Apparel,T-Shirt,online,8,17.87,142.96
3192,2025-10-17,West,Grocery,Olive Oil,online,10,11.65,116.5
3193,2025-02-10,Midwest,Electronics,Phone Case,online,2,24.7,49.4
3194,2025-04-15,West,Apparel,T-Shirt,online,8,17.65,141.2
3195,2025-12-09,East,Electronics,Headphones,online,4,75.99,303.96
3196,2025-11-20,West,Home,Lamp,online,10,35.95,359.5
3197,2025-09-01,South,Grocery,Pasta,store,4,3.63,14.52
3198,2025-11-06,West,Electronics,Laptop,store,10,881.17,8811.7
3199,2025-07-14,West,Apparel,T-Shirt,online,2,18.25,36.5
3200,2025-06-28,West,Electronics,Phone Case,online,6,23.0,138.0
3201,2025-04-22,Midwest,Grocery,Olive Oil,online,7,11.87,83.09
3202,2025-10-08,West,Apparel,Jeans,online,11,50.39,554.29
3203,2025-09-12,West,Electronics,Laptop,store,2,879.49,1758.98
3204,2025-12-29,Northeast,Apparel,Jacket,store,5,88.34,441.7
3205,2025-09-17,Northeast,Home,Blender,online,6,58.23,349.38
3206,2025-08-10,Midwest,Home,Lamp,store,5,35.97,179.85
3207,2025-03-16,East,Grocery,Olive Oil,online,7,11.95,83.65
3208,2025-07-26,West,Apparel,Jeans,store,7,45.72,320.04
3209,2025-01-05,West,Electronics,Headphones,store,0,75.93,0.0
3210,2025-07-13,Midwest,Home,Lamp,online,8,36.01,288.08
3211,2025-02-22,West,Grocery,Pasta,online,2,3.56,7.12
3212,2025-09-06,West,Home,Blender,store,4,58.46,233.84
3213,2025-09-14,West,Apparel,Jacket,online,3,85.8,257.4
3214,2025-10-10,West,Home,Towel Set,online,11,27.39,301.29
3215,2025-06-17,Northeast,Home,Lamp,store,5,33.36,166.8
3216,2025-02-17,West,Apparel,Jeans,online,2,46.7,93.4
3217,2025-12-27,West,Home,Lamp,online,10,36.14,361.4
3218,2025-06-13,Midwest,Home,Blender,online,1,61.5,61.5
3219,2025-08-12,South,Grocery,Olive Oil,online,8,12.12,96.96
3220,2025-09-26,East,Electronics,Laptop,online,2,934.51,1869.02
3221,2025-11-15,West,Apparel,T-Shirt,store,10,17.24,172.4
3222,2025-09-19,West,Apparel,Jeans,store,8,48.27,386.16
3223,2025-05-28,East,Electronics,Laptop,online,4,911.73,3646.92
3224,2025-01-12,South,Grocery,Olive Oil,online,4,12.21,48.84
3225,2025-08-26,West,Home,Blender,online,8,60.91,487.28
3226,2025-05-09,East,Grocery,Olive Oil,online,6,11.78,70.68
3227,2025-10-10,West,Apparel,Jeans,store,13,48.44,629.72
3228,2025-01-11,South,Home,Towel Set,online,7,28.94,202.58
3229,2025-10-18,South,Apparel,T-Shirt,store,2,17.13,34.26
3230,2025-01-25,Midwest,Grocery,Coffee Beans,online,5,13.93,69.65
3231,2025-07-10,West,Electronics,Headphones,store,0,76.19,0.0
3232,2025-04-25,Northeast,Electronics,Headphones,online,0,76.16,0.0
3233,2025-01-11,East,Grocery,Olive Oil,store,3,12.14,36.42
3234,2025-11-24,Midwest,Apparel,Jeans,store,8,47.81,382.48
3235,2025-04-03,West,Apparel,Jacket,online,3,86.69,260.07
3236,2025-05-09,West,Apparel,Jacket,online,5,91.37,456.85
3237,2025-02-10,East,Apparel,T-Shirt,store,7,17.72,124.04
3238,2025-11-04,West,Apparel,Jeans,store,7,46.95,328.65
3239,2025-03-31,Northeast,Grocery,Coffee Beans,online,6,13.69,82.14
3240,2025-08-20,West,Home,Blender,online,6,59.71,358.26
3241,2025-12-12,South,Home,Blender,online,3,57.95,173.85
3242,2025-09-26,West,Apparel,T-Shirt,online,7,18.19,127.33
3243,2025-04-05,Northeast,Electronics,Headphones,online,0,75.83,0.0
3244,2025-03-22,East,Electronics,Headphones,online,0,78.27,0.0
3245,2025-04-01,South,Home,Towel Set,online,7,29.12,203.84
3246,2025-11-06,West,Electronics,Headphones,online,5,82.84,414.2
3247,2025-03-04,Northeast,Home,Towel Set,online,6,27.45,164.7
3248,2025-01-04,West,Grocery,Coffee Beans,online,4,13.45,53.8
3249,2025-11-26,West,Apparel,Jacket,online,11,88.91,978.01
3250,2025-11-06,West,Electronics,Phone Case,online,12,23.24,278.88
3251,2025-02-20,East,Apparel,Jeans,store,2,48.96,97.92
3252,2025-09-21,South,Apparel,T-Shirt,store,3,18.14,54.42
3253,2025-04-27,West,Apparel,Jacket,online,4,85.77,343.08
3254,2025-02-12,Midwest,Grocery,Olive Oil,online,7,11.74,82.18
3255,2025-05-29,South,Home,Lamp,online,2,35.99,71.98
3256,2025-11-11,West,Apparel,T-Shirt,online,14,18.76,262.64
3257,2025-08-08,Midwest,Apparel,T-Shirt,store,8,17.42,139.36
3258,2025-11-28,Midwest,Electronics,Laptop,online,3,924.51,2773.53
3259,2025-10-11,West,Apparel,Jeans,online,10,47.55,475.5
3260,2025-11-16,West,Home,Blender,online,13,60.03,780.39
3261,2025-11-17,Midwest,Electronics,Headphones,store,0,80.05,0.0
3262,2025-05-06,West,Home,Towel Set,store,6,26.94,161.64
3263,2025-10-27,West,Home,Lamp,store,12,35.51,426.12
3264,2025-04-23,West,Electronics,Headphones,online,0,79.84,0.0
3265,2025-01-21,West,Home,Lamp,store,4,35.96,143.84
3266,2025-10-19,Northeast,Home,Blender,online,5,57.27,286.35
3267,2025-08-12,Northeast,Grocery,Pasta,online,8,3.37,26.96
3268,2025-10-02,West,Grocery,Olive Oil,online,14,12.36,173.04
3269,2025-06-25,South,Home,Towel Set,online,2,26.72,53.44
3270,2025-05-21,West,Grocery,Pasta,online,7,3.57,24.99
3271,2025-05-30,Midwest,Home,Lamp,online,8,36.07,288.56
3272,2025-04-04,South,Apparel,T-Shirt,online,6,17.98,107.88
3273,2025-12-11,West,Grocery,Olive Oil,store,12,12.57,150.84
3274,2025-08-14,Northeast,Grocery,Coffee Beans,online,5,13.69,68.45
3275,2025-12-29,West,Electronics,Laptop,store,8,890.62,7124.96
3276,2025-01-03,Northeast,Home,Towel Set,store,6,27.52,165.12
3277,2025-02-26,West,Electronics,Headphones,online,4,80.98,323.92
3278,2025-04-02,East,Apparel,Jacket,online,4,90.01,360.04
3279,2025-05-12,South,Home,Blender,online,5,59.45,297.25
3280,2025-08-12,South,Electronics,Laptop,online,5,924.84,4624.2
3281,2025-09-10,West,Apparel,Jeans,store,8,49.07,392.56
3282,2025-03-12,Northeast,Apparel,Jacket,online,4,88.63,354.52
3283,2025-04-28,Northeast,Home,Blender,store,3,58.72,176.16
3284,2025-05-05,East,Electronics,Phone Case,store,7,23.56,164.92
3285,2025-09-07,Midwest,Electronics,Headphones,online,0,78.27,0.0
3286,2025-03-13,Northeast,Grocery,Coffee Beans,online,3,13.46,40.38
3287,2025-03-19,West,Electronics,Phone Case,store,5,24.01,120.05
3288,2025-03-06,South,Home,Blender,online,8,58.54,468.32
3289,2025-12-12,West,Home,Towel Set,store,10,28.0,280.0
3290,2025-04-16,South,Apparel,Jacket,store,3,92.48,277.44
3291,2025-01-13,South,Grocery,Pasta,online,4,3.36,13.44
3292,2025-03-16,South,Electronics,Phone Case,online,1,23.7,23.7
3293,2025-02-09,West,Apparel,Jeans,store,6,46.13,276.78
3294,2025-09-29,West,Electronics,Laptop,online,2,879.75,1759.5
3295,2025-02-01,South,Home,Blender,store,6,58.44,350.64
3296,2025-02-08,South,Home,Towel Set,online,4,27.37,109.48
3297,2025-09-02,South,Apparel,Jacket,online,1,86.3,86.3
3298,2025-02-22,Northeast,Apparel,Jeans,store,8,47.75,382.0
3299,2025-08-19,West,Electronics,Phone Case,online,8,23.17,185.36
3300,2025-12-03,West,Home,Lamp,online,7,34.78,243.46
3301,2025-09-22,Midwest,Grocery,Coffee Beans,online,8,14.1,112.8
3302,2025-07-17,Northeast,Home,Towel Set,online,2,27.05,54.1
3303,2025-09-01,South,Electronics,Headphones,online,0,78.01,0.0
3304,2025-11-26,Northeast,Apparel,Jeans,store,3,47.71,143.13
3305,2025-10-07,West,Apparel,T-Shirt,online,8,18.14,145.12
3306,2025-03-23,East,Electronics,Headphones,store,0,77.7,0.0
3307,2025-12-15,West,Apparel,Jeans,store,7,48.23,337.61
3308,2025-04-14,West,Apparel,T-Shirt,online,8,18.72,149.76
3309,2025-04-02,Midwest,Grocery,Olive Oil,online,2,11.71,23.42
3310,2025-11-23,West,Electronics,Laptop,store,11,865.36,9518.96
3311,2025-08-07,West,Home,Blender,store,1,60.88,60.88
3312,2025-10-02,Midwest,Home,Towel Set,online,4,28.39,113.56
3313,2025-10-12,East,Grocery,Pasta,store,2,3.48,6.96
3314,2025-03-03,Northeast,Apparel,T-Shirt,store,8,17.33,138.64
3315,2025-12-01,Midwest,Home,Blender,online,2,56.1,112.2
3316,2025-03-16,West,Home,Towel Set,store,5,26.99,134.95
3317,2025-12-12,West,Home,Towel Set,online,16,27.58,441.28
3318,2025-12-06,West,Grocery,Coffee Beans,store,11,14.61,160.71
3319,2025-07-12,Northeast,Grocery,Pasta,store,8,3.47,27.76
3320,2025-07-28,Northeast,Grocery,Olive Oil,online,5,11.63,58.15
3321,2025-01-09,West,Apparel,T-Shirt,online,5,18.79,93.95
3322,2025-03-12,Midwest,Apparel,T-Shirt,store,3,18.22,54.66
3323,2025-03-07,Northeast,Electronics,Headphones,online,4,82.82,331.28
3324,2025-01-11,South,Grocery,Olive Oil,online,2,11.91,23.82
3325,2025-06-21,Northeast,Electronics,Laptop,store,2,857.39,1714.78
3326,2025-01-23,West,Home,Lamp,online,1,33.36,33.36
3327,2025-03-10,Northeast,Home,Towel Set,store,6,28.97,173.82
3328,2025-11-03,Northeast,Home,Blender,store,4,57.76,231.04
3329,2025-07-03,West,Home,Blender,store,8,59.42,475.36
3330,2025-10-19,West,Apparel,Jeans,online,15,50.26,753.9
3331,2025-07-18,East,Home,Blender,online,8,56.59,452.72
3332,2025-12-21,West,Grocery,Pasta,store,8,3.38,27.04
3333,2025-07-21,South,Home,Towel Set,store,5,28.48,142.4
3334,2025-01-02,West,Electronics,Phone Case,online,7,22.85,159.95
3335,2025-12-07,West,Apparel,Jacket,store,9,91.58,824.22
3336,2025-10-29,West,Apparel,Jeans,online,11,49.55,545.05
3337,2025-07-25,East,Electronics,Phone Case,online,6,25.17,151.02
3338,2025-08-04,East,Grocery,Olive Oil,online,2,12.37,24.74
3339,2025-01-30,West,Electronics,Phone Case,online,4,24.06,96.24
3340,2025-02-03,Northeast,Electronics,Phone Case,online,5,24.74,123.7
3341,2025-09-30,East,Home,Lamp,store,3,33.48,100.44
3342,2025-11-16,Northeast,Home,Blender,store,8,60.22,481.76
3343,2025-08-02,East,Grocery,Pasta,online,1,3.51,3.51
3344,2025-09-20,West,Home,Blender,store,6,59.12,354.72
3345,2025-10-20,West,Grocery,Olive Oil,store,6,12.32,73.92
3346,2025-04-23,West,Electronics,Laptop,store,4,915.26,3661.04
3347,2025-12-12,East,Electronics,Phone Case,store,4,23.99,95.96
3348,2025-11-06,West,Apparel,T-Shirt,online,10,18.1,181.0
3349,2025-06-07,West,Grocery,Olive Oil,online,7,11.97,83.79
3350,2025-07-02,West,Grocery,Pasta,store,2,3.49,6.98
3351,2025-09-18,Midwest,Home,Towel Set,online,4,27.75,111.0
3352,2025-08-10,South,Electronics,Laptop,store,3,933.08,2799.24
3353,2025-08-24,East,Home,Blender,store,8,58.6,468.8
3354,2025-09-21,Northeast,Electronics,Phone Case,online,7,23.87,167.09
3355,2025-02-13,South,Home,Blender,online,4,58.79,235.16
3356,2025-06-12,West,Home,Lamp,store,8,35.43,283.44
3357,2025-08-27,West,Apparel,Jacket,store,1,87.93,87.93
3358,2025-10-09,Northeast,Apparel,Jacket,online,2,87.37,174.74
3359,2025-12-30,South,Electronics,Headphones,online,3,82.1,246.3
3360,2025-09-05,East,Electronics,Laptop,store,6,932.03,5592.18
3361,2025-02-17,Midwest,Electronics,Phone Case,online,5,24.82,124.1
3362,2025-09-27,West,Apparel,T-Shirt,online,3,18.39,55.17
3363,2025-05-15,East,Grocery,Olive Oil,store,8,11.82,94.56
3364,2025-01-26,West,Home,Towel Set,online,2,26.65,53.3
3365,2025-03-18,West,Electronics,Phone Case,store,1,24.81,24.81
3366,2025-09-10,Northeast,Electronics,Headphones,store,0,76.23,0.0
3367,2025-04-27,Midwest,Home,Blender,online,1,58.32,58.32
3368,2025-01-07,Midwest,Home,Blender,online,3,60.84,182.52
3369,2025-07-17,Midwest,Home,Lamp,store,8,34.52,276.16
3370,2025-11-22,West,Electronics,Phone Case,store,10,23.99,239.9
3371,2025-05-22,Northeast,Apparel,Jeans,store,7,46.83,327.81
3372,2025-10-05,East,Apparel,Jacket,store,6,86.8,520.8
3373,2025-04-23,West,Apparel,Jeans,store,7,49.9,349.3
3374,2025-07-01,Northeast,Home,Towel Set,store,5,28.02,140.1
3375,2025-10-15,East,Apparel,Jacket,store,7,90.16,631.12
3376,2025-09-11,Midwest,Apparel,Jacket,store,1,86.69,86.69
3377,2025-12-06,Midwest,Apparel,Jacket,store,5,84.59,422.95
3378,2025-05-05,West,Grocery,Olive Oil,online,5,12.19,60.95
3379,2025-06-03,Midwest,Apparel,Jacket,online,5,87.72,438.6
3380,2025-06-13,South,Electronics,Phone Case,online,7,24.08,168.56
3381,2025-08-26,West,Electronics,Laptop,store,3,871.77,2615.31
3382,2025-11-05,Northeast,Electronics,Phone Case,store,8,23.87,190.96
3383,2025-03-14,Northeast,Apparel,Jeans,store,1,48.8,48.8
3384,2025-05-04,West,Electronics,Headphones,online,1,77.7,77.7
3385,2025-07-01,West,Home,Towel Set,online,6,27.44,164.64
3386,2025-01-12,Northeast,Electronics,Headphones,online,2,77.76,155.52
3387,2025-08-26,East,Home,Lamp,store,2,33.91,67.82
3388,2025-02-27,West,Apparel,Jacket,online,3,87.0,261.0
3389,2025-07-25,Midwest,Apparel,T-Shirt,store,7,18.61,130.27
3390,2025-04-04,South,Electronics,Phone Case,online,8,24.06,192.48
3391,2025-04-25,Northeast,Apparel,Jeans,store,2,47.24,94.48
3392,2025-05-13,Midwest,Electronics,Phone Case,online,6,24.2,145.2
3393,2025-02-18,West,Apparel,Jeans,store,4,47.1,188.4
3394,2025-12-19,West,Grocery,Coffee Beans,store,8,13.56,108.48
3395,2025-08-22,Midwest,Apparel,Jeans,online,3,50.39,151.17
3396,2025-02-14,Midwest,Apparel,Jeans,online,5,49.25,246.25
3397,2025-02-21,West,Grocery,Coffee Beans,store,8,14.04,112.32
3398,2025-07-20,West,Electronics,Headphones,online,2,75.71,151.42
3399,2025-01-11,East,Apparel,T-Shirt,store,1,18.44,18.44
3400,2025-06-09,South,Home,Blender,store,2,58.65,117.3
3401,2025-03-30,East,Apparel,T-Shirt,online,6,17.66,105.96
3402,2025-02-16,East,Electronics,Laptop,store,4,908.69,3634.76
3403,2025-07-25,West,Home,Towel Set,online,4,28.8,115.2
3404,2025-02-24,East,Grocery,Pasta,store,8,3.48,27.84
3405,2025-04-05,West,Electronics,Phone Case,store,1,23.5,23.5
3406,2025-05-27,East,Electronics,Phone Case,online,4,24.35,97.4
3407,2025-08-12,South,Home,Blender,online,3,60.1,180.3
3408,2025-12-07,Midwest,Grocery,Coffee Beans,online,7,13.75,96.25
3409,2025-03-17,West,Grocery,Olive Oil,online,6,11.87,71.22
3410,2025-02-02,East,Home,Towel Set,online,3,28.96,86.88
3411,2025-12-17,West,Grocery,Coffee Beans,online,10,13.52,135.2
3412,2025-10-18,South,Grocery,Coffee Beans,store,8,13.91,111.28
3413,2025-02-28,South,Home,Towel Set,store,8,27.96,223.68
3414,2025-11-26,West,Electronics,Headphones,online,3,75.5,226.5
3415,2025-01-06,East,Electronics,Laptop,store,4,920.79,3683.16
3416,2025-10-14,Northeast,Electronics,Laptop,store,1,911.4,911.4
3417,2025-03-29,Northeast,Grocery,Pasta,store,1,3.34,3.34
3418,2025-05-20,West,Home,Lamp,store,8,35.65,285.2
3419,2025-12-14,West,Electronics,Phone Case,online,14,23.38,327.32
3420,2025-09-16,West,Electronics,Laptop,online,2,894.18,1788.36
3421,2025-01-25,South,Electronics,Laptop,online,1,879.3,879.3
3422,2025-02-21,East,Home,Blender,online,3,57.44,172.32
3423,2025-07-05,East,Electronics,Phone Case,online,2,24.44,48.88
3424,2025-12-11,West,Electronics,Phone Case,store,5,23.33,116.65
3425,2025-10-03,West,Grocery,Coffee Beans,store,16,14.14,226.24
3426,2025-09-19,South,Grocery,Pasta,store,1,3.39,3.39
3427,2025-01-12,West,Apparel,Jacket,online,8,91.5,732.0
3428,2025-01-05,Midwest,Home,Lamp,store,1,36.3,36.3
3429,2025-12-01,Northeast,Apparel,T-Shirt,online,1,17.49,17.49
3430,2025-09-28,West,Electronics,Phone Case,store,5,24.72,123.6
3431,2025-07-05,South,Grocery,Olive Oil,store,7,11.57,80.99
3432,2025-06-26,West,Home,Lamp,store,4,34.99,139.96
3433,2025-08-13,West,Grocery,Coffee Beans,store,6,13.64,81.84
3434,2025-07-25,West,Grocery,Pasta,store,1,3.52,3.52
3435,2025-07-10,East,Grocery,Coffee Beans,online,8,14.06,112.48
3436,2025-05-27,West,Home,Towel Set,online,5,27.21,136.05
3437,2025-12-08,West,Electronics,Headphones,store,8,81.27,650.16
3438,2025-08-06,East,Electronics,Headphones,online,0,75.62,0.0
3439,2025-02-19,East,Electronics,Headphones,online,0,77.38,0.0
3440,2025-11-04,West,Grocery,Coffee Beans,store,6,13.67,82.02
3441,2025-07-18,Northeast,Grocery,Olive Oil,store,4,12.51,50.04
3442,2025-07-13,East,Electronics,Laptop,store,8,902.71,7221.68
3443,2025-12-16,East,Grocery,Olive Oil,online,2,12.23,24.46
3444,2025-06-26,East,Home,Towel Set,online,3,28.45,85.35
3445,2025-09-05,Midwest,Apparel,Jacket,online,1,87.04,87.04
3446,2025-05-16,West,Home,Towel Set,online,8,26.83,214.64
3447,2025-03-29,West,Home,Lamp,store,4,33.68,134.72
3448,2025-01-11,West,Electronics,Headphones,store,4,80.2,320.8
3449,2025-06-21,Northeast,Apparel,Jacket,store,8,92.51,740.08
3450,2025-11-16,South,Home,Blender,online,2,58.94,117.88
3451,2025-05-23,Midwest,Apparel,Jeans,store,2,48.08,96.16
3452,2025-10-11,West,Electronics,Headphones,online,9,78.94,710.46
3453,2025-05-05,West,Grocery,Coffee Beans,online,8,13.54,108.32
3454,2025-07-07,Midwest,Home,Towel Set,store,5,26.89,134.45
3455,2025-11-08,West,Grocery,Olive Oil,online,11,11.51,126.61
3456,2025-12-20,Northeast,Electronics,Headphones,online,0,80.56,0.0
3457,2025-04-17,West,Grocery,Coffee Beans,store,6,14.69,88.14
3458,2025-04-07,East,Electronics,Headphones,online,4,81.39,325.56
3459,2025-03-03,East,Electronics,Headphones,store,0,77.17,0.0
3460,2025-01-24,Northeast,Electronics,Laptop,store,6,914.51,5487.06
3461,2025-06-01,South,Home,Lamp,store,4,36.41,145.64
3462,2025-12-15,Northeast,Electronics,Laptop,store,4,930.52,3722.08
3463,2025-11-06,East,Apparel,Jeans,online,5,47.7,238.5
3464,2025-02-05,East,Apparel,Jacket,online,5,90.15,450.75
3465,2025-09-10,East,Electronics,Phone Case,online,7,24.5,171.5
3466,2025-01-20,West,Grocery,Coffee Beans,store,2,13.8,27.6
3467,2025-04-17,Northeast,Apparel,Jeans,online,7,46.05,322.35
3468,2025-04-22,Northeast,Home,Blender,store,6,59.58,357.48
3469,2025-11-15,West,Grocery,Olive Oil,store,12,11.83,141.96
3470,2025-11-19,West,Electronics,Phone Case,online,14,24.49,342.86
3471,2025-11-22,East,Apparel,Jacket,online,2,88.27,176.54
3472,2025-02-04,East,Grocery,Coffee Beans,store,8,13.93,111.44
3473,2025-12-21,West,Grocery,Olive Oil,online,9,12.25,110.25
3474,2025-04-03,East,Home,Towel Set,store,4,26.86,107.44
3475,2025-02-01,East,Home,Towel Set,online,5,27.81,139.05
3476,2025-01-08,West,Electronics,Phone Case,store,3,23.5,70.5
3477,2025-06-01,Northeast,Apparel,T-Shirt,online,5,17.38,86.9
3478,2025-05-06,South,Electronics,Phone Case,store,6,23.85,143.1
3479,2025-12-26,West,Electronics,Phone Case,store,12,24.38,292.56
3480,2025-05-21,West,Apparel,T-Shirt,store,4,17.99,71.96
3481,2025-11-14,West,Home,Lamp,online,8,34.37,274.96
3482,2025-06-16,Northeast,Electronics,Phone Case,online,2,23.73,47.46
3483,2025-12-08,West,Electronics,Phone Case,online,13,23.56,306.28
3484,2025-05-17,Northeast,Home,Blender,online,7,57.48,402.36
3485,2025-12-31,West,Grocery,Olive Oil,online,10,12.33,123.3
3486,2025-04-29,West,Apparel,T-Shirt,online,4,18.23,72.92
3487,2025-11-08,Northeast,Home,Lamp,online,3,34.23,102.69
3488,2025-05-31,West,Grocery,Olive Oil,online,4,12.01,48.04
3489,2025-05-19,East,Apparel,Jacket,online,5,93.03,465.15
3490,2025-04-17,West,Grocery,Pasta,store,7,3.58,25.06
3491,2025-07-05,East,Apparel,T-Shirt,online,3,17.79,53.37
3492,2025-10-11,West,Electronics,Headphones,store,8,76.66,613.28
3493,2025-06-27,West,Apparel,Jacket,store,8,92.37,738.96
3494,2025-11-20,East,Grocery,Olive Oil,store,4,11.74,46.96
3495,2025-06-15,Midwest,Grocery,Pasta,online,2,3.42,6.84
3496,2025-10-09,West,Electronics,Phone Case,store,12,23.46,281.52
3497,2025-05-21,Northeast,Grocery,Olive Oil,store,7,12.02,84.14
3498,2025-08-09,Northeast,Apparel,Jeans,online,2,47.56,95.12
3499,2025-08-23,West,Grocery,Olive Oil,online,5,11.5,57.5
3500,2025-11-15,West,Electronics,Laptop,online,11,940.66,10347.26
3501,2025-05-14,Midwest,Electronics,Headphones,store,0,78.85,0.0
3502,2025-08-10,West,Apparel,T-Shirt,store,2,18.8,37.6
3503,2025-07-16,South,Apparel,Jacket,online,4,86.37,345.48
3504,2025-07-08,Midwest,Apparel,T-Shirt,store,1,17.68,17.68
3505,2025-11-27,West,Grocery,Pasta,online,8,3.49,27.92
3506,2025-03-11,South,Home,Towel Set,store,3,26.8,80.4
3507,2025-06-19,West,Apparel,T-Shirt,online,4,17.69,70.76
3508,2025-10-03,West,Grocery,Pasta,online,12,3.59,43.08
3509,2025-02-06,East,Apparel,Jacket,online,7,91.3,639.1
3510,2025-10-14,Midwest,Home,Lamp,store,2,34.02,68.04
3511,2025-01-12,East,Grocery,Olive Oil,store,2,12.12,24.24
3512,2025-11-09,West,Apparel,Jacket,store,14,85.86,1202.04
3513,2025-06-29,Midwest,Electronics,Laptop,store,3,883.5,2650.5
3514,2025-01-27,Midwest,Home,Lamp,store,4,35.63,142.52
3515,2025-11-18,Midwest,Grocery,Olive Oil,online,2,11.68,23.36
3516,2025-12-12,East,Home,Lamp,store,2,35.63,71.26
3517,2025-09-02,West,Grocery,Coffee Beans,online,5,14.54,72.7
3518,2025-05-24,Midwest,Grocery,Pasta,online,3,3.56,10.68
3519,2025-07-18,Midwest,Grocery,Olive Oil,store,8,12.24,97.92
3520,2025-09-11,Midwest,Apparel,Jacket,store,4,90.64,362.56
3521,2025-05-27,South,Home,Towel Set,store,8,28.98,231.84
3522,2025-08-24,West,Home,Lamp,store,8,34.88,279.04
3523,2025-05-25,West,Home,Blender,store,6,58.54,351.24
3524,2025-02-11,Midwest,Apparel,T-Shirt,store,6,17.26,103.56
3525,2025-08-30,East,Electronics,Phone Case,online,1,24.69,24.69
3526,2025-10-20,West,Grocery,Pasta,store,7,3.45,24.15
3527,2025-05-29,South,Home,Towel Set,store,7,28.43,199.01
3528,2025-07-07,East,Home,Towel Set,online,7,29.24,204.68
3529,2025-01-17,West,Electronics,Headphones,store,1,75.28,75.28
3530,2025-02-05,West,Home,Lamp,store,2,36.14,72.28
3531,2025-02-10,Northeast,Grocery,Pasta,online,2,3.36,6.72
3532,2025-12-16,Northeast,Home,Towel Set,store,5,28.81,144.05
3533,2025-07-25,South,Apparel,Jeans,store,2,47.64,95.28
3534,2025-09-19,Midwest,Grocery,Olive Oil,online,8,11.74,93.92
3535,2025-10-26,West,Grocery,Olive Oil,online,9,12.25,110.25
3536,2025-07-10,South,Grocery,Pasta,store,2,3.33,6.66
3537,2025-05-22,East,Home,Blender,online,3,59.44,178.32
3538,2025-09-12,South,Electronics,Headphones,store,5,81.67,408.35
3539,2025-10-01,West,Home,Blender,store,6,56.37,338.22
3540,2025-02-15,Midwest,Electronics,Headphones,store,2,77.48,154.96
3541,2025-10-10,West,Apparel,Jeans,store,13,46.4,603.2
3542,2025-06-04,West,Home,Lamp,store,1,34.24,34.24
3543,2025-12-11,West,Home,Towel Set,store,9,28.41,255.69
3544,2025-10-03,Midwest,Grocery,Pasta,store,2,3.49,6.98
3545,2025-04-15,West,Home,Lamp,online,4,35.02,140.08
3546,2025-01-05,West,Apparel,T-Shirt,store,7,18.72,131.04
3547,2025-06-12,West,Apparel,T-Shirt,store,2,18.25,36.5
3548,2025-09-08,South,Apparel,Jacket,online,5,91.75,458.75
3549,2025-12-28,West,Home,Towel Set,store,8,27.52,220.16
3550,2025-08-24,Northeast,Home,Blender,online,2,61.61,123.22
3551,2025-10-28,West,Electronics,Phone Case,online,11,24.56,270.16
3552,2025-02-03,Midwest,Home,Lamp,online,3,35.71,107.13
3553,2025-06-09,West,Apparel,Jacket,store,4,91.18,364.72
3554,2025-01-27,West,Home,Blender,store,4,56.96,227.84
3555,2025-06-01,West,Electronics,Headphones,store,0,75.75,0.0
3556,2025-06-20,South,Apparel,T-Shirt,online,6,18.81,112.86
3557,2025-04-25,West,Electronics,Headphones,store,0,75.13,0.0
3558,2025-02-15,West,Electronics,Phone Case,store,5,23.67,118.35
3559,2025-12-06,South,Grocery,Pasta,store,5,3.41,17.05
3560,2025-06-16,South,Electronics,Phone Case,online,2,24.23,48.46
3561,2025-03-14,Northeast,Apparel,Jeans,online,5,45.86,229.3
3562,2025-12-17,West,Electronics,Laptop,store,15,941.41,14121.15
3563,2025-07-14,West,Electronics,Laptop,online,5,868.44,4342.2
3564,2025-03-10,West,Grocery,Olive Oil,online,3,11.9,35.7
3565,2025-03-19,Midwest,Apparel,Jacket,store,7,86.07,602.49
3566,2025-11-13,Midwest,Home,Blender,online,8,59.78,478.24
3567,2025-10-21,West,Electronics,Laptop,store,11,905.18,9956.98
3568,2025-11-21,South,Grocery,Coffee Beans,online,8,14.07,112.56
3569,2025-01-26,East,Home,Blender,online,8,61.71,493.68
3570,2025-05-17,Northeast,Grocery,Olive Oil,online,4,11.7,46.8
3571,2025-10-12,West,Home,Towel Set,store,10,26.85,268.5
3572,2025-01-23,Northeast,Electronics,Phone Case,online,7,24.99,174.93
3573,2025-01-09,West,Apparel,Jacket,online,3,86.09,258.27
3574,2025-05-15,West,Apparel,Jeans,store,7,46.86,328.02
3575,2025-12-21,South,Electronics,Phone Case,online,2,23.42,46.84
3576,2025-11-21,Northeast,Apparel,Jeans,store,5,50.22,251.1
3577,2025-04-15,West,Grocery,Pasta,store,3,3.48,10.44
3578,2025-04-23,Midwest,Grocery,Olive Oil,store,4,11.82,47.28
3579,2025-02-07,West,Grocery,Olive Oil,online,3,12.46,37.38
3580,2025-10-30,West,Electronics,Laptop,online,6,904.04,5424.24
3581,2025-09-04,South,Grocery,Coffee Beans,online,1,13.6,13.6
3582,2025-04-17,South,Apparel,Jacket,online,5,89.54,447.7
3583,2025-06-07,West,Electronics,Headphones,store,3,81.44,244.32
3584,2025-04-30,East,Home,Towel Set,store,7,29.07,203.49
3585,2025-08-31,West,Apparel,Jacket,online,7,85.67,599.69
3586,2025-09-10,West,Apparel,Jacket,store,7,91.8,642.6
3587,2025-06-19,East,Home,Lamp,online,3,36.3,108.9
3588,2025-09-27,Northeast,Electronics,Laptop,online,6,867.92,5207.52
3589,2025-04-18,West,Apparel,Jeans,store,7,48.87,342.09
3590,2025-09-06,Midwest,Electronics,Phone Case,store,4,23.47,93.88
3591,2025-09-03,South,Apparel,Jacket,store,2,87.53,175.06
3592,2025-04-29,East,Electronics,Headphones,store,3,82.14,246.42
3593,2025-11-04,Northeast,Grocery,Pasta,store,2,3.66,7.32
3594,2025-12-18,West,Apparel,Jacket,store,9,90.64,815.76
3595,2025-08-16,West,Electronics,Phone Case,store,6,23.82,142.92
3596,2025-04-25,Midwest,Apparel,Jeans,online,7,49.28,344.96
3597,2025-06-09,Northeast,Grocery,Pasta,store,1,3.41,3.41
3598,2025-01-26,East,Apparel,Jacket,online,2,85.09,170.18
3599,2025-07-22,West,Electronics,Phone Case,store,3,24.18,72.54
3600,2025-03-30,East,Home,Towel Set,store,4,28.73,114.92
3601,2025-06-06,Northeast,Home,Lamp,store,1,34.69,34.69
3602,2025-10-18,South,Grocery,Olive Oil,online,1,12.55,12.55
3603,2025-05-21,West,Home,Blender,store,2,59.32,118.64
3604,2025-06-20,Midwest,Home,Lamp,store,8,34.65,277.2
3605,2025-02-23,South,Apparel,Jeans,store,6,49.83,298.98
3606,2025-05-06,Midwest,Electronics,Phone Case,store,5,23.96,119.8
3607,2025-07-26,East,Grocery,Coffee Beans,online,4,14.18,56.72
3608,2025-07-22,South,Electronics,Laptop,online,6,917.93,5507.58
3609,2025-07-29,East,Apparel,Jacket,online,2,86.07,172.14
3610,2025-07-02,East,Home,Blender,store,6,58.73,352.38
3611,2025-10-09,West,Home,Lamp,online,11,34.71,381.81
3612,2025-07-09,Northeast,Apparel,Jeans,store,1,45.61,45.61
3613,2025-09-04,West,Electronics,Phone Case,online,6,23.89,143.34
3614,2025-07-09,West,Apparel,Jeans,online,3,49.41,148.23
3615,2025-06-23,West,Grocery,Pasta,online,4,3.51,14.04
3616,2025-09-22,South,Grocery,Pasta,store,6,3.48,20.88
3617,2025-07-14,Northeast,Electronics,Headphones,online,0,77.91,0.0
3618,2025-11-10,West,Home,Towel Set,store,14,27.22,381.08
3619,2025-08-30,West,Apparel,Jeans,online,1,50.16,50.16
3620,2025-10-26,West,Electronics,Headphones,store,6,82.53,495.18
3621,2025-06-27,Northeast,Grocery,Pasta,online,1,3.67,3.67
3622,2025-02-26,West,Apparel,Jacket,store,4,88.66,354.64
3623,2025-05-28,South,Home,Towel Set,online,5,28.89,144.45
3624,2025-12-22,East,Home,Lamp,store,6,34.89,209.34
3625,2025-07-25,East,Apparel,Jeans,store,7,47.08,329.56
3626,2025-10-01,West,Apparel,Jeans,online,10,48.57,485.7
3627,2025-05-02,Northeast,Apparel,Jeans,store,6,48.25,289.5
3628,2025-09-06,South,Grocery,Pasta,online,7,3.55,24.85
3629,2025-01-23,West,Apparel,Jacket,online,7,91.46,640.22
3630,2025-03-27,South,Grocery,Coffee Beans,store,2,13.33,26.66
3631,2025-05-09,Northeast,Grocery,Olive Oil,online,8,11.71,93.68
3632,2025-12-09,East,Apparel,T-Shirt,store,6,18.38,110.28
3633,2025-01-22,East,Grocery,Pasta,store,7,3.57,24.99
3634,2025-01-19,West,Electronics,Laptop,store,2,863.11,1726.22
3635,2025-08-24,West,Electronics,Laptop,store,7,921.45,6450.15
3636,2025-08-24,South,Electronics,Headphones,store,0,80.59,0.0
3637,2025-09-28,West,Grocery,Olive Oil,online,6,11.53,69.18
3638,2025-10-24,East,Grocery,Pasta,store,6,3.56,21.36
3639,2025-04-12,Midwest,Home,Lamp,store,7,35.71,249.97
3640,2025-01-24,Midwest,Home,Blender,online,2,57.64,115.28
3641,2025-04-20,South,Electronics,Laptop,online,4,860.74,3442.96
3642,2025-01-25,South,Home,Lamp,store,4,36.66,146.64
3643,2025-08-10,East,Apparel,Jeans,store,2,47.72,95.44
3644,2025-12-22,West,Electronics,Laptop,online,16,913.76,14620.16
3645,2025-04-27,Midwest,Apparel,Jacket,online,1,88.02,88.02
3646,2025-09-20,West,Apparel,T-Shirt,store,8,17.53,140.24
3647,2025-10-30,West,Home,Towel Set,store,5,27.8,139.0
3648,2025-03-06,East,Home,Blender,store,3,59.75,179.25
3649,2025-06-15,Midwest,Electronics,Laptop,store,3,925.05,2775.15
3650,2025-06-20,South,Grocery,Pasta,store,5,3.66,18.3
3651,2025-07-13,East,Home,Lamp,store,2,34.23,68.46
3652,2025-02-26,Northeast,Apparel,T-Shirt,online,8,17.79,142.32
3653,2025-04-07,West,Apparel,T-Shirt,online,2,17.47,34.94
3654,2025-12-20,Midwest,Grocery,Olive Oil,store,5,12.34,61.7
3655,2025-09-12,South,Grocery,Olive Oil,online,2,11.6,23.2
3656,2025-05-14,East,Home,Blender,store,1,57.63,57.63
3657,2025-02-19,West,Grocery,Coffee Beans,online,1,14.58,14.58
3658,2025-04-11,West,Grocery,Pasta,store,8,3.49,27.92
3659,2025-01-24,West,Grocery,Olive Oil,store,4,11.92,47.68
3660,2025-08-27,Northeast,Apparel,T-Shirt,store,8,17.86,142.88
3661,2025-12-19,Midwest,Home,Blender,store,5,56.92,284.6
3662,2025-10-07,Northeast,Grocery,Olive Oil,online,2,12.19,24.38
3663,2025-09-14,Northeast,Home,Blender,online,3,61.28,183.84
3664,2025-07-18,South,Grocery,Pasta,store,2,3.49,6.98
3665,2025-10-29,Midwest,Electronics,Headphones,online,0,79.86,0.0
3666,2025-05-09,Northeast,Electronics,Phone Case,store,4,24.35,97.4
3667,2025-06-02,West,Electronics,Phone Case,store,2,24.44,48.88
3668,2025-10-10,West,Apparel,Jacket,online,10,86.22,862.2
3669,2025-07-20,West,Grocery,Pasta,online,6,3.37,20.22
3670,2025-05-07,West,Home,Towel Set,store,6,28.64,171.84
3671,2025-03-29,West,Home,Blender,online,1,58.55,58.55
3672,2025-10-09,Midwest,Apparel,Jeans,online,4,46.28,185.12
3673,2025-04-12,South,Home,Towel Set,store,2,27.14,54.28
3674,2025-01-03,Midwest,Home,Lamp,online,6,34.93,209.58
3675,2025-05-10,East,Apparel,T-Shirt,online,2,18.68,37.36
3676,2025-06-05,West,Electronics,Laptop,online,6,871.08,5226.48
3677,2025-07-08,Northeast,Grocery,Olive Oil,online,6,12.52,75.12
3678,2025-11-05,Midwest,Grocery,Coffee Beans,store,4,14.28,57.12
3679,2025-01-17,Northeast,Grocery,Coffee Beans,store,5,13.4,67.0
3680,2025-12-24,West,Apparel,T-Shirt,store,12,17.56,210.72
3681,2025-11-20,South,Home,Blender,store,5,58.32,291.6
3682,2025-03-01,Midwest,Grocery,Pasta,store,7,3.63,25.41
3683,2025-02-01,West,Apparel,T-Shirt,store,8,17.68,141.44
3684,2025-12-13,East,Electronics,Phone Case,store,1,24.62,24.62
3685,2025-04-27,South,Grocery,Olive Oil,store,8,11.8,94.4
3686,2025-05-16,South,Electronics,Laptop,store,1,902.85,902.85
3687,2025-10-28,West,Grocery,Olive Oil,online,7,12.41,86.87
3688,2025-07-18,West,Apparel,Jeans,online,8,47.92,383.36
3689,2025-11-01,Northeast,Apparel,Jacket,store,7,91.69,641.83
3690,2025-03-02,West,Electronics,Headphones,store,3,78.15,234.45
3691,2025-05-29,South,Grocery,Pasta,store,8,3.38,27.04
3692,2025-03-19,West,Home,Lamp,store,1,34.19,34.19
3693,2025-04-15,Northeast,Apparel,Jacket,store,6,89.25,535.5
3694,2025-08-02,West,Grocery,Pasta,online,7,3.65,25.55
3695,2025-02-04,East,Grocery,Olive Oil,store,8,11.44,91.52
3696,2025-08-14,Midwest,Apparel,Jeans,online,4,49.23,196.92
3697,2025-10-19,Midwest,Home,Lamp,online,3,34.99,104.97
3698,2025-08-16,West,Electronics,Laptop,store,6,922.31,5533.86
3699,2025-03-05,West,Grocery,Coffee Beans,online,1,14.22,14.22
3700,2025-07-28,East,Apparel,T-Shirt,online,4,17.52,70.08
3701,2025-01-27,East,Home,Lamp,store,7,34.58,242.06
3702,2025-12-29,Midwest,Apparel,Jacket,online,1,90.6,90.6
3703,2025-07-24,East,Home,Lamp,store,7,35.13,245.91
3704,2025-06-15,Northeast,Apparel,T-Shirt,online,4,18.01,72.04
3705,2025-09-04,West,Electronics,Headphones,store,5,77.06,385.3
3706,2025-06-22,Midwest,Apparel,T-Shirt,online,1,17.31,17.31
3707,2025-05-12,West,Apparel,Jeans,online,1,48.14,48.14
3708,2025-06-15,Midwest,Grocery,Pasta,online,1,3.45,3.45
3709,2025-09-03,Midwest,Grocery,Olive Oil,store,3,11.43,34.29
3710,2025-01-22,Northeast,Home,Blender,online,2,57.52,115.04
3711,2025-09-04,West,Electronics,Phone Case,store,7,24.14,168.98
3712,2025-04-17,Northeast,Home,Towel Set,store,8,28.18,225.44
3713,2025-03-23,Northeast,Grocery,Coffee Beans,online,3,13.65,40.95
3714,2025-06-08,Midwest,Home,Towel Set,online,7,27.93,195.51
3715,2025-06-08,Midwest,Electronics,Laptop,online,1,922.4,922.4
3716,2025-08-30,West,Apparel,T-Shirt,online,8,17.42,139.36
3717,2025-06-09,West,Home,Blender,online,1,60.07,60.07
3718,2025-02-12,Midwest,Apparel,Jeans,store,2,50.15,100.3
3719,2025-07-23,Midwest,Home,Towel Set,online,5,26.76,133.8
3720,2025-07-27,Midwest,Apparel,Jacket,online,6,91.49,548.94
3721,2025-03-29,Northeast,Grocery,Pasta,store,1,3.38,3.38
3722,2025-04-28,Midwest,Electronics,Headphones,store,0,77.36,0.0
3723,2025-04-07,Northeast,Apparel,Jacket,store,4,85.81,343.24
3724,2025-12-19,Midwest,Electronics,Headphones,online,3,81.34,244.02
3725,2025-08-17,East,Home,Blender,store,5,58.91,294.55
3726,2025-12-06,Northeast,Electronics,Phone Case,store,6,22.82,136.92
3727,2025-01-23,Northeast,Grocery,Pasta,store,1,3.56,3.56
3728,2025-11-13,West,Electronics,Phone Case,online,10,22.91,229.1
3729,2025-06-30,West,Home,Towel Set,online,8,29.31,234.48
3730,2025-01-02,Northeast,Home,Lamp,store,2,35.02,70.04
3731,2025-06-25,South,Apparel,T-Shirt,online,4,17.87,71.48
3732,2025-11-06,West,Apparel,Jacket,online,13,93.22,1211.86
3733,2025-08-24,West,Apparel,T-Shirt,store,8,18.11,144.88
3734,2025-05-02,East,Grocery,Coffee Beans,store,4,14.14,56.56
3735,2025-12-21,West,Apparel,Jacket,store,12,91.03,1092.36
3736,2025-08-11,Midwest,Grocery,Coffee Beans,store,5,13.72,68.6
3737,2025-04-12,South,Apparel,Jacket,store,3,89.17,267.51
3738,2025-11-06,Midwest,Apparel,Jeans,online,7,47.22,330.54
3739,2025-12-31,East,Electronics,Laptop,online,4,922.63,3690.52
3740,2025-05-19,West,Apparel,T-Shirt,store,7,17.95,125.65
3741,2025-01-26,West,Apparel,T-Shirt,online,6,17.85,107.1
3742,2025-09-05,Midwest,Home,Lamp,online,3,34.67,104.01
3743,2025-03-06,Northeast,Home,Blender,online,4,58.48,233.92
3744,2025-01-28,West,Apparel,Jacket,online,6,92.67,556.02
3745,2025-03-17,West,Electronics,Headphones,online,0,81.52,0.0
3746,2025-02-03,South,Grocery,Olive Oil,online,2,12.45,24.9
3747,2025-09-25,Northeast,Home,Blender,store,5,59.65,298.25
3748,2025-08-18,East,Home,Towel Set,online,6,28.94,173.64
3749,2025-11-12,West,Grocery,Olive Oil,store,7,12.35,86.45
3750,2025-05-08,West,Home,Blender,store,3,60.59,181.77
3751,2025-06-04,East,Grocery,Pasta,online,4,3.34,13.36
3752,2025-03-15,West,Electronics,Phone Case,online,8,23.84,190.72
3753,2025-07-28,West,Apparel,Jeans,online,8,47.77,382.16
3754,2025-05-08,South,Apparel,Jeans,online,5,49.03,245.15
3755,2025-04-01,West,Grocery,Olive Oil,store,1,12.12,12.12
3756,2025-08-10,South,Apparel,Jacket,online,5,90.09,450.45
3757,2025-04-29,Midwest,Electronics,Headphones,store,5,81.79,408.95
3758,2025-04-04,South,Home,Towel Set,store,4,28.16,112.64
3759,2025-06-21,East,Electronics,Laptop,online,8,855.82,6846.56
3760,2025-04-30,East,Home,Blender,online,7,61.87,433.09
3761,2025-06-08,West,Home,Blender,store,5,60.52,302.6
3762,2025-01-12,Northeast,Apparel,T-Shirt,store,4,17.38,69.52
3763,2025-04-28,South,Electronics,Headphones,online,3,76.04,228.12
3764,2025-02-19,Midwest,Electronics,Headphones,store,1,77.61,77.61
3765,2025-10-28,South,Electronics,Headphones,online,3,76.25,228.75
3766,2025-06-24,West,Electronics,Phone Case,online,6,23.69,142.14
3767,2025-02-14,West,Home,Towel Set,online,2,29.24,58.48
3768,2025-10-28,West,Home,Towel Set,store,14,29.13,407.82
3769,2025-04-25,South,Apparel,T-Shirt,store,8,17.3,138.4
3770,2025-06-10,West,Grocery,Pasta,online,3,3.39,10.17
3771,2025-05-23,West,Grocery,Coffee Beans,store,2,13.49,26.98
3772,2025-12-10,Northeast,Apparel,Jacket,store,3,86.66,259.98
3773,2025-01-05,West,Grocery,Pasta,online,5,3.43,17.15
3774,2025-03-20,West,Grocery,Olive Oil,store,7,12.2,85.4
3775,2025-11-01,West,Electronics,Headphones,online,7,80.47,563.29
3776,2025-09-16,West,Electronics,Laptop,online,5,861.12,4305.6
3777,2025-08-02,West,Home,Towel Set,online,2,27.96,55.92
3778,2025-10-03,West,Apparel,Jeans,online,11,47.45,521.95
3779,2025-09-25,West,Grocery,Olive Oil,store,6,11.51,69.06
3780,2025-08-04,West,Apparel,Jacket,online,7,90.43,633.01
3781,2025-06-21,Northeast,Home,Lamp,store,1,33.87,33.87
3782,2025-01-07,East,Grocery,Coffee Beans,online,2,14.31,28.62
3783,2025-12-11,South,Grocery,Coffee Beans,online,6,13.94,83.64
3784,2025-08-04,Midwest,Home,Towel Set,online,4,29.29,117.16
3785,2025-01-26,Northeast,Grocery,Olive Oil,store,5,11.52,57.6
3786,2025-06-27,Northeast,Home,Lamp,store,5,36.37,181.85
3787,2025-07-18,Northeast,Electronics,Headphones,store,4,79.21,316.84
3788,2025-07-10,West,Apparel,Jeans,online,5,46.0,230.0
3789,2025-07-01,South,Apparel,Jeans,online,4,50.39,201.56
3790,2025-02-15,Midwest,Home,Towel Set,online,1,26.65,26.65
3791,2025-03-10,South,Grocery,Pasta,online,8,3.41,27.28
3792,2025-12-27,East,Electronics,Phone Case,online,8,23.04,184.32
3793,2025-12-19,West,Home,Lamp,online,16,34.55,552.8
3794,2025-03-20,West,Electronics,Laptop,store,3,913.81,2741.43
3795,2025-07-11,South,Apparel,Jeans,online,6,48.76,292.56
3796,2025-06-01,West,Electronics,Phone Case,online,8,24.16,193.28
3797,2025-07-25,East,Grocery,Coffee Beans,store,7,13.83,96.81
3798,2025-04-20,West,Apparel,T-Shirt,online,1,18.49,18.49
3799,2025-01-15,West,Electronics,Headphones,online,5,77.52,387.6
3800,2025-04-26,Midwest,Apparel,T-Shirt,store,7,18.88,132.16
3801,2025-06-10,Midwest,Grocery,Coffee Beans,store,6,14.27,85.62
3802,2025-02-21,Midwest,Home,Blender,store,6,56.97,341.82
3803,2025-11-20,West,Electronics,Laptop,online,7,876.51,6135.57
3804,2025-05-27,West,Grocery,Olive Oil,store,2,11.94,23.88
3805,2025-04-05,South,Electronics,Headphones,online,2,82.34,164.68
3806,2025-09-17,West,Apparel,T-Shirt,store,1,17.82,17.82
3807,2025-12-30,West,Home,Blender,online,10,58.93,589.3
3808,2025-09-06,West,Grocery,Coffee Beans,store,3,13.42,40.26
3809,2025-08-31,South,Apparel,Jeans,store,3,46.35,139.05
3810,2025-03-23,South,Home,Lamp,store,2,33.92,67.84
3811,2025-05-06,East,Grocery,Coffee Beans,store,4,13.81,55.24
3812,2025-02-07,West,Electronics,Phone Case,online,7,23.71,165.97
3813,2025-11-20,West,Apparel,T-Shirt,online,10,18.31,183.1
3814,2025-07-16,West,Apparel,Jeans,online,2,49.79,99.58
3815,2025-02-22,Northeast,Home,Towel Set,store,7,28.97,202.79
3816,2025-12-03,East,Apparel,Jacket,store,4,88.19,352.76
3817,2025-05-29,West,Electronics,Laptop,store,2,861.11,1722.22
3818,2025-04-12,Northeast,Electronics,Laptop,online,6,882.1,5292.6
3819,2025-02-13,East,Home,Lamp,online,1,34.81,34.81
3820,2025-06-08,West,Apparel,Jeans,online,5,48.35,241.75
3821,2025-01-25,Midwest,Grocery,Coffee Beans,store,8,14.22,113.76
3822,2025-09-27,West,Home,Blender,store,6,60.83,364.98
3823,2025-07-19,Midwest,Home,Blender,store,8,57.99,463.92
3824,2025-11-04,West,Electronics,Headphones,store,6,75.27,451.62
3825,2025-05-16,Northeast,Grocery,Coffee Beans,online,2,13.65,27.3
3826,2025-12-29,West,Apparel,T-Shirt,online,12,18.57,222.84
3827,2025-02-06,West,Grocery,Coffee Beans,online,8,13.53,108.24
3828,2025-06-29,West,Electronics,Headphones,store,0,82.36,0.0
3829,2025-02-14,West,Electronics,Laptop,store,5,911.95,4559.75
3830,2025-07-28,East,Apparel,T-Shirt,store,5,17.17,85.85
3831,2025-01-11,West,Grocery,Pasta,store,5,3.49,17.45
3832,2025-10-15,West,Apparel,Jacket,store,11,89.15,980.65
3833,2025-11-29,West,Electronics,Laptop,online,14,936.88,13116.32
3834,2025-01-03,Midwest,Grocery,Coffee Beans,store,5,13.74,68.7
3835,2025-11-01,West,Home,Blender,store,5,59.16,295.8
3836,2025-08-15,West,Grocery,Coffee Beans,online,1,13.69,13.69
3837,2025-03-29,South,Apparel,Jeans,online,6,50.14,300.84
3838,2025-06-21,Midwest,Grocery,Pasta,online,5,3.41,17.05
3839,2025-12-06,Midwest,Apparel,Jeans,online,2,46.7,93.4
3840,2025-09-03,West,Home,Towel Set,online,1,27.61,27.61
3841,2025-01-29,Northeast,Home,Lamp,store,4,36.68,146.72
3842,2025-07-17,Northeast,Grocery,Olive Oil,store,8,11.68,93.44
3843,2025-04-21,South,Grocery,Olive Oil,online,8,11.73,93.84
3844,2025-03-19,East,Apparel,Jacket,store,4,92.18,368.72
3845,2025-11-15,West,Grocery,Olive Oil,store,7,12.06,84.42
3846,2025-12-26,West,Home,Lamp,online,15,36.02,540.3
3847,2025-07-19,West,Grocery,Coffee Beans,store,2,13.81,27.62
3848,2025-09-02,South,Grocery,Olive Oil,online,2,11.54,23.08
3849,2025-07-18,West,Electronics,Headphones,online,0,82.43,0.0
3850,2025-05-15,Midwest,Home,Towel Set,store,5,26.64,133.2
3851,2025-12-06,South,Apparel,Jeans,online,4,49.67,198.68
3852,2025-11-03,South,Home,Lamp,online,7,35.79,250.53
3853,2025-07-23,Northeast,Home,Lamp,store,1,33.69,33.69
3854,2025-06-18,West,Home,Lamp,online,2,33.27,66.54
3855,2025-02-26,West,Electronics,Headphones,store,0,75.63,0.0
3856,2025-10-27,Northeast,Apparel,Jeans,online,2,46.27,92.54
3857,2025-04-29,West,Home,Towel Set,online,5,28.09,140.45
3858,2025-12-07,Northeast,Electronics,Phone Case,store,4,23.95,95.8
3859,2025-12-12,West,Electronics,Headphones,store,6,79.23,475.38
3860,2025-11-18,West,Grocery,Pasta,store,9,3.58,32.22
3861,2025-03-12,West,Electronics,Phone Case,online,1,24.91,24.91
3862,2025-07-30,West,Grocery,Pasta,online,2,3.49,6.98
3863,2025-11-23,East,Electronics,Laptop,online,2,891.22,1782.44
3864,2025-12-20,Northeast,Home,Lamp,online,2,34.36,68.72
3865,2025-07-31,Midwest,Apparel,T-Shirt,online,2,17.37,34.74
3866,2025-10-20,East,Apparel,T-Shirt,online,7,18.69,130.83
3867,2025-08-21,East,Grocery,Olive Oil,online,5,11.95,59.75
3868,2025-11-06,Northeast,Apparel,T-Shirt,online,7,17.66,123.62
3869,2025-05-12,Northeast,Apparel,T-Shirt,store,7,18.48,129.36
3870,2025-09-17,West,Electronics,Laptop,store,4,924.46,3697.84
3871,2025-04-24,West,Apparel,T-Shirt,online,8,17.68,141.44
3872,2025-09-03,West,Apparel,Jeans,store,1,48.45,48.45
3873,2025-11-24,East,Grocery,Olive Oil,store,1,12.51,12.51
3874,2025-03-29,Northeast,Electronics,Phone Case,online,5,22.84,114.2
3875,2025-07-19,Midwest,Home,Blender,store,7,57.1,399.7
3876,2025-07-22,East,Home,Blender,store,2,59.05,118.1
3877,2025-10-02,East,Apparel,Jeans,store,4,47.85,191.4
3878,2025-08-22,Northeast,Home,Towel Set,store,6,29.33,175.98
3879,2025-06-27,West,Home,Lamp,store,2,34.19,68.38
3880,2025-02-07,West,Home,Lamp,store,7,33.29,233.03
3881,2025-03-17,Midwest,Grocery,Pasta,online,6,3.36,20.16
3882,2025-10-12,West,Home,Blender,online,8,56.23,449.84
3883,2025-01-22,East,Electronics,Phone Case,online,3,24.19,72.57
3884,2025-11-18,West,Home,Towel Set,store,6,27.22,163.32
3885,2025-01-21,Northeast,Home,Blender,online,4,59.81,239.24
3886,2025-08-07,South,Apparel,T-Shirt,online,3,17.1,51.3
3887,2025-01-04,West,Grocery,Coffee Beans,store,8,13.49,107.92
3888,2025-05-10,West,Grocery,Olive Oil,online,7,11.99,83.93
3889,2025-04-18,South,Electronics,Laptop,store,2,885.83,1771.66
3890,2025-12-17,West,Apparel,T-Shirt,online,13,18.02,234.26
3891,2025-10-03,East,Home,Lamp,online,1,33.98,33.98
3892,2025-01-07,West,Grocery,Coffee Beans,online,1,13.64,13.64
3893,2025-03-20,Northeast,Home,Blender,online,3,60.0,180.0
3894,2025-11-24,West,Grocery,Pasta,online,14,3.53,49.42
3895,2025-03-14,Northeast,Electronics,Phone Case,online,7,24.89,174.23
3896,2025-04-24,West,Grocery,Olive Oil,store,8,12.4,99.2
3897,2025-12-13,West,Home,Blender,online,10,57.55,575.5
3898,2025-02-02,Midwest,Electronics,Headphones,store,0,77.13,0.0
3899,2025-01-16,South,Apparel,Jacket,store,2,89.47,178.94
3900,2025-06-18,West,Grocery,Pasta,store,7,3.37,23.59
3901,2025-12-21,West,Electronics,Phone Case,online,7,23.51,164.57
3902,2025-01-04,West,Grocery,Olive Oil,store,4,11.52,46.08
3903,2025-03-04,East,Apparel,Jeans,online,3,48.95,146.85
3904,2025-03-10,Northeast,Electronics,Headphones,online,3,82.82,248.46
3905,2025-05-01,South,Electronics,Phone Case,store,7,23.99,167.93
3906,2025-03-31,East,Apparel,T-Shirt,online,6,17.26,103.56
3907,2025-03-23,South,Grocery,Coffee Beans,store,3,13.92,41.76
3908,2025-07-25,West,Electronics,Headphones,store,0,79.25,0.0
3909,2025-05-02,West,Apparel,Jacket,online,8,90.84,726.72
3910,2025-03-02,Midwest,Electronics,Headphones,online,2,76.46,152.92
3911,2025-07-08,South,Apparel,Jacket,store,3,89.86,269.58
3912,2025-01-24,South,Grocery,Pasta,store,2,3.48,6.96
3913,2025-02-24,Midwest,Home,Blender,store,8,60.53,484.24
3914,2025-07-30,Midwest,Apparel,Jeans,online,7,46.02,322.14
3915,2025-01-01,South,Grocery,Coffee Beans,online,3,14.53,43.59
3916,2025-04-03,West,Home,Blender,store,7,60.23,421.61
3917,2025-02-01,West,Home,Lamp,store,2,34.76,69.52
3918,2025-03-08,Northeast,Home,Blender,store,2,57.71,115.42
3919,2025-03-01,Northeast,Grocery,Olive Oil,online,6,11.96,71.76
3920,2025-12-23,West,Electronics,Laptop,online,16,900.88,14414.08
3921,2025-10-04,South,Home,Towel Set,store,7,28.65,200.55
3922,2025-09-20,Northeast,Apparel,T-Shirt,store,4,17.81,71.24
3923,2025-01-27,Northeast,Electronics,Phone Case,online,8,23.93,191.44
3924,2025-10-28,West,Apparel,Jeans,store,10,47.82,478.2
3925,2025-05-22,West,Electronics,Headphones,store,4,79.64,318.56
3926,2025-03-11,South,Apparel,Jacket,online,8,87.2,697.6
3927,2025-07-01,West,Grocery,Coffee Beans,store,4,13.65,54.6
3928,2025-11-09,Northeast,Electronics,Headphones,store,4,77.92,311.68
3929,2025-09-17,Midwest,Apparel,Jeans,online,5,47.42,237.1
3930,2025-04-22,West,Grocery,Olive Oil,online,8,11.47,91.76
3931,2025-11-30,Midwest,Grocery,Pasta,online,4,3.63,14.52
3932,2025-06-11,West,Grocery,Olive Oil,online,3,11.87,35.61
3933,2025-03-18,Northeast,Apparel,Jeans,online,4,46.73,186.92
3934,2025-07-29,Northeast,Apparel,T-Shirt,store,1,18.33,18.33
3935,2025-04-06,East,Grocery,Pasta,online,4,3.38,13.52
3936,2025-06-10,South,Electronics,Headphones,store,1,76.28,76.28
3937,2025-04-07,West,Home,Blender,store,2,58.89,117.78
3938,2025-05-30,Northeast,Apparel,T-Shirt,online,6,18.38,110.28
3939,2025-07-08,Midwest,Electronics,Laptop,online,2,857.73,1715.46
3940,2025-08-29,East,Grocery,Pasta,store,6,3.65,21.9
3941,2025-10-16,West,Grocery,Pasta,online,9,3.59,32.31
3942,2025-10-16,West,Electronics,Phone Case,online,7,23.95,167.65
3943,2025-06-16,West,Grocery,Coffee Beans,online,3,13.54,40.62
3944,2025-10-05,West,Apparel,Jeans,store,10,46.96,469.6
3945,2025-12-10,West,Apparel,Jeans,store,13,47.15,612.95
3946,2025-06-20,West,Grocery,Coffee Beans,store,8,13.9,111.2
3947,2025-09-13,Northeast,Apparel,T-Shirt,online,8,18.26,146.08
3948,2025-07-29,East,Electronics,Headphones,store,0,75.33,0.0
3949,2025-12-22,East,Grocery,Olive Oil,store,3,12.27,36.81
3950,2025-08-06,Northeast,Electronics,Laptop,online,8,867.51,6940.08
3951,2025-07-11,West,Grocery,Coffee Beans,store,1,14.38,14.38
3952,2025-08-10,Midwest,Electronics,Phone Case,online,2,25.09,50.18
3953,2025-03-30,West,Home,Towel Set,online,1,27.31,27.31
3954,2025-08-23,Midwest,Home,Blender,store,2,57.13,114.26
3955,2025-10-10,East,Home,Towel Set,online,3,28.67,86.01
3956,2025-10-23,Northeast,Home,Blender,online,4,61.07,244.28
3957,2025-01-13,East,Home,Lamp,online,3,36.28,108.84
3958,2025-03-16,Midwest,Grocery,Olive Oil,store,1,11.62,11.62
3959,2025-06-11,Northeast,Apparel,Jeans,store,3,49.39,148.17
3960,2025-02-01,East,Home,Towel Set,online,3,29.29,87.87
3961,2025-08-04,Northeast,Electronics,Headphones,store,0,78.34,0.0
3962,2025-09-15,East,Apparel,Jeans,store,7,45.66,319.62
3963,2025-12-21,Midwest,Apparel,Jeans,online,5,48.93,244.65
3964,2025-06-25,West,Grocery,Coffee Beans,store,5,14.07,70.35
3965,2025-08-29,Northeast,Apparel,T-Shirt,store,5,17.11,85.55
3966,2025-08-02,Midwest,Grocery,Coffee Beans,store,8,13.42,107.36
3967,2025-03-20,East,Grocery,Olive Oil,online,3,12.35,37.05
3968,2025-09-20,East,Grocery,Olive Oil,online,7,12.25,85.75
3969,2025-05-12,West,Electronics,Laptop,store,8,871.66,6973.28
3970,2025-02-08,Midwest,Electronics,Headphones,store,0,80.81,0.0
3971,2025-09-21,West,Home,Blender,store,8,58.28,466.24
3972,2025-10-23,West,Home,Lamp,online,8,36.39,291.12
3973,2025-03-10,South,Home,Lamp,store,7,33.54,234.78
3974,2025-01-10,West,Electronics,Phone Case,store,8,24.13,193.04
3975,2025-01-02,West,Grocery,Coffee Beans,store,2,13.98,27.96
3976,2025-07-07,West,Grocery,Pasta,online,1,3.58,3.58
3977,2025-08-30,West,Apparel,T-Shirt,online,6,17.86,107.16
3978,2025-08-15,Midwest,Home,Towel Set,store,1,27.75,27.75
3979,2025-06-17,West,Electronics,Phone Case,online,8,22.92,183.36
3980,2025-01-27,Midwest,Apparel,T-Shirt,online,1,17.12,17.12
3981,2025-03-18,South,Grocery,Coffee Beans,online,3,14.28,42.84
3982,2025-01-17,West,Home,Towel Set,store,8,27.62,220.96
3983,2025-05-18,South,Home,Towel Set,store,8,27.5,220.0
3984,2025-06-08,East,Apparel,T-Shirt,store,5,18.29,91.45
3985,2025-12-09,West,Apparel,T-Shirt,store,14,17.61,246.54
3986,2025-04-19,West,Apparel,T-Shirt,online,4,17.53,70.12
3987,2025-08-16,Midwest,Grocery,Pasta,online,7,3.59,25.13
3988,2025-01-03,South,Apparel,Jeans,online,8,49.48,395.84
3989,2025-06-04,West,Apparel,Jacket,store,7,90.03,630.21
3990,2025-09-22,South,Apparel,Jacket,online,4,89.14,356.56
3991,2025-06-22,East,Apparel,Jacket,online,8,90.55,724.4
3992,2025-05-11,West,Grocery,Coffee Beans,online,4,13.66,54.64
3993,2025-06-12,West,Grocery,Olive Oil,online,2,11.52,23.04
3994,2025-02-16,West,Apparel,Jacket,online,5,93.11,465.55
3995,2025-07-30,Northeast,Apparel,Jacket,online,2,91.83,183.66
3996,2025-05-05,Northeast,Grocery,Coffee Beans,online,8,13.37,106.96
3997,2025-12-22,West,Apparel,Jacket,online,5,92.36,461.8
3998,2025-03-17,Midwest,Apparel,T-Shirt,store,8,18.21,145.68
3999,2025-12-06,West,Apparel,Jeans,store,10,48.22,482.2
4000,2025-09-22,Midwest,Electronics,Phone Case,online,5,25.12,125.6
4001,2025-08-29,South,Apparel,Jeans,store,5,47.46,237.3
4002,2025-03-31,Midwest,Electronics,Headphones,store,2,80.44,160.88
4003,2025-02-11,West,Grocery,Coffee Beans,store,1,13.77,13.77
4004,2025-05-19,East,Home,Lamp,store,7,36.27,253.89
4005,2025-11-14,Northeast,Grocery,Olive Oil,store,6,12.53,75.18
4006,2025-05-31,Northeast,Apparel,Jeans,store,4,50.24,200.96
4007,2025-05-23,West,Home,Towel Set,online,1,27.76,27.76
4008,2025-12-20,West,Grocery,Coffee Beans,store,10,13.77,137.7
4009,2025-10-25,West,Grocery,Coffee Beans,online,12,13.46,161.52
4010,2025-05-27,Midwest,Home,Lamp,store,2,34.67,69.34
4011,2025-07-04,Midwest,Home,Towel Set,online,4,28.56,114.24
4012,2025-02-01,Midwest,Electronics,Phone Case,store,5,23.6,118.0
4013,2025-09-23,West,Apparel,T-Shirt,online,3,17.78,53.34
4014,2025-12-28,West,Apparel,T-Shirt,online,16,17.2,275.2
4015,2025-04-01,Midwest,Electronics,Phone Case,store,3,24.33,72.99
4016,2025-05-26,South,Grocery,Coffee Beans,online,2,14.42,28.84
4017,2025-03-08,East,Electronics,Headphones,online,0,79.46,0.0
4018,2025-01-25,Midwest,Electronics,Headphones,store,3,77.79,233.37
4019,2025-09-20,East,Apparel,Jeans,store,5,49.0,245.0
4020,2025-02-10,West,Home,Towel Set,online,2,27.55,55.1
4021,2025-03-29,Northeast,Grocery,Pasta,online,6,3.64,21.84
4022,2025-11-11,West,Apparel,T-Shirt,online,11,18.89,207.79
4023,2025-01-19,West,Home,Blender,online,3,61.0,183.0
4024,2025-11-12,Midwest,Electronics,Phone Case,online,3,23.3,69.9
4025,2025-01-09,Midwest,Grocery,Olive Oil,store,3,12.58,37.74
4026,2025-08-15,Midwest,Grocery,Coffee Beans,store,6,14.62,87.72
4027,2025-04-06,Northeast,Grocery,Olive Oil,store,4,12.58,50.32
4028,2025-03-18,West,Grocery,Pasta,online,8,3.62,28.96
4029,2025-02-10,West,Grocery,Coffee Beans,online,5,14.45,72.25
4030,2025-11-23,South,Grocery,Coffee Beans,store,3,14.55,43.65
4031,2025-04-09,East,Grocery,Pasta,online,6,3.34,20.04
4032,2025-04-20,South,Grocery,Coffee Beans,online,8,14.62,116.96
4033,2025-04-23,East,Home,Towel Set,store,8,28.88,231.04
4034,2025-01-12,East,Apparel,T-Shirt,online,6,17.7,106.2
4035,2025-05-29,Northeast,Home,Towel Set,store,8,29.1,232.8
4036,2025-11-29,West,Electronics,Laptop,store,7,896.9,6278.3
4037,2025-10-26,West,Apparel,Jeans,store,12,46.72,560.64
4038,2025-07-14,South,Apparel,Jacket,store,7,91.19,638.33
4039,2025-09-13,East,Home,Towel Set,online,2,28.35,56.7
4040,2025-12-20,West,Apparel,Jeans,store,11,50.01,550.11
4041,2025-01-06,Midwest,Home,Blender,store,5,61.6,308.0
4042,2025-03-23,West,Grocery,Pasta,online,6,3.55,21.3
4043,2025-04-16,West,Home,Towel Set,online,4,27.23,108.92
4044,2025-10-22,West,Home,Towel Set,store,11,26.86,295.46
4045,2025-10-06,West,Apparel,Jeans,online,5,47.14,235.7
4046,2025-10-04,West,Apparel,T-Shirt,online,9,17.92,161.28
4047,2025-07-26,East,Grocery,Pasta,online,8,3.5,28.0
4048,2025-02-06,Midwest,Apparel,Jacket,store,6,90.42,542.52
4049,2025-08-25,Northeast,Apparel,Jeans,store,6,47.24,283.44
4050,2025-11-10,South,Electronics,Headphones,store,0,82.13,0.0
4051,2025-11-19,West,Electronics,Headphones,online,5,77.42,387.1
4052,2025-02-08,Northeast,Apparel,T-Shirt,store,6,17.34,104.04
4053,2025-03-15,West,Grocery,Olive Oil,online,2,12.33,24.66
4054,2025-07-21,West,Electronics,Phone Case,online,6,23.02,138.12
4055,2025-09-09,South,Apparel,T-Shirt,online,1,18.55,18.55
4056,2025-12-07,West,Grocery,Olive Oil,store,8,11.96,95.68
4057,2025-10-08,West,Electronics,Laptop,store,8,915.47,7323.76
4058,2025-02-16,South,Apparel,T-Shirt,online,7,18.15,127.05
4059,2025-04-30,West,Apparel,T-Shirt,online,2,18.53,37.06
4060,2025-10-10,South,Home,Lamp,store,1,35.25,35.25
4061,2025-12-29,West,Grocery,Olive Oil,store,8,11.51,92.08
4062,2025-06-16,West,Electronics,Phone Case,online,2,25.09,50.18
4063,2025-04-15,East,Apparel,Jacket,store,4,88.76,355.04
4064,2025-04-20,Northeast,Grocery,Olive Oil,online,7,12.47,87.29
4065,2025-10-07,West,Home,Lamp,online,6,34.27,205.62
4066,2025-03-01,West,Home,Towel Set,online,4,29.07,116.28
4067,2025-09-15,West,Home,Blender,online,5,57.76,288.8
4068,2025-10-14,West,Electronics,Phone Case,online,12,24.19,290.28
4069,2025-07-04,West,Electronics,Phone Case,online,1,24.42,24.42
4070,2025-09-20,West,Home,Blender,store,4,58.37,233.48
4071,2025-02-18,East,Home,Lamp,store,5,34.96,174.8
4072,2025-12-31,West,Grocery,Coffee Beans,online,12,14.5,174.0
4073,2025-10-08,West,Electronics,Phone Case,store,9,23.5,211.5
4074,2025-02-27,East,Home,Blender,online,5,57.66,288.3
4075,2025-10-31,West,Electronics,Headphones,online,6,77.07,462.42
4076,2025-06-26,West,Grocery,Pasta,store,3,3.59,10.77
4077,2025-07-03,Midwest,Home,Blender,online,4,60.92,243.68
4078,2025-03-02,East,Grocery,Olive Oil,online,1,11.51,11.51
4079,2025-06-11,Midwest,Electronics,Laptop,store,4,931.34,3725.36
4080,2025-01-31,Midwest,Electronics,Laptop,store,5,907.43,4537.15
4081,2025-07-26,Midwest,Grocery,Olive Oil,online,3,12.43,37.29
4082,2025-05-07,Midwest,Electronics,Laptop,store,6,863.77,5182.62
4083,2025-09-25,West,Grocery,Coffee Beans,store,7,14.22,99.54
4084,2025-04-12,East,Apparel,T-Shirt,online,7,18.54,129.78
4085,2025-06-22,Midwest,Apparel,Jeans,online,3,48.59,145.77
4086,2025-05-05,Northeast,Electronics,Phone Case,store,6,23.25,139.5
4087,2025-10-05,East,Apparel,Jacket,store,6,91.16,546.96
4088,2025-06-11,West,Home,Towel Set,online,7,29.1,203.7
4089,2025-01-13,South,Home,Blender,store,4,58.97,235.88
4090,2025-10-08,East,Grocery,Olive Oil,online,4,11.57,46.28
4091,2025-09-30,West,Apparel,Jacket,online,8,88.21,705.68
4092,2025-07-06,Midwest,Grocery,Pasta,store,5,3.58,17.9
4093,2025-02-20,Midwest,Electronics,Laptop,online,2,890.04,1780.08
4094,2025-08-23,East,Grocery,Pasta,store,5,3.34,16.7
4095,2025-07-03,West,Electronics,Laptop,store,2,876.8,1753.6
4096,2025-07-09,Northeast,Electronics,Phone Case,store,7,24.51,171.57
4097,2025-02-05,West,Grocery,Coffee Beans,online,1,13.73,13.73
4098,2025-04-12,West,Electronics,Phone Case,online,1,23.76,23.76
4099,2025-06-20,South,Grocery,Pasta,store,7,3.39,23.73
4100,2025-09-14,Midwest,Apparel,T-Shirt,store,5,17.91,89.55
4101,2025-01-14,South,Apparel,Jeans,store,6,49.67,298.02
4102,2025-12-12,West,Grocery,Coffee Beans,online,4,13.62,54.48
4103,2025-02-17,Midwest,Home,Blender,store,4,60.63,242.52
4104,2025-09-25,Northeast,Grocery,Pasta,online,8,3.57,28.56
4105,2025-04-17,Northeast,Home,Towel Set,store,1,28.44,28.44
4106,2025-10-25,West,Grocery,Coffee Beans,online,8,13.66,109.28
4107,2025-12-16,South,Electronics,Phone Case,online,7,22.97,160.79
4108,2025-12-21,West,Home,Lamp,store,12,35.22,422.64
4109,2025-08-31,West,Electronics,Phone Case,store,8,23.21,185.68
4110,2025-10-20,West,Apparel,Jacket,online,10,87.26,872.6
4111,2025-07-01,Northeast,Grocery,Pasta,store,2,3.43,6.86
4112,2025-12-23,South,Grocery,Coffee Beans,store,1,13.78,13.78
4113,2025-01-07,West,Electronics,Phone Case,store,5,23.29,116.45
4114,2025-08-25,South,Apparel,Jacket,online,2,86.63,173.26
4115,2025-07-29,Northeast,Home,Blender,store,8,57.69,461.52
4116,2025-02-16,West,Electronics,Laptop,store,2,855.2,1710.4
4117,2025-03-06,Northeast,Apparel,Jacket,store,2,88.54,177.08
4118,2025-05-03,West,Apparel,Jacket,store,2,89.53,179.06
4119,2025-12-24,South,Home,Towel Set,online,6,27.48,164.88
4120,2025-03-18,Northeast,Home,Towel Set,online,8,27.95,223.6
4121,2025-07-03,Midwest,Electronics,Phone Case,online,3,22.92,68.76
4122,2025-08-01,Midwest,Apparel,Jacket,store,8,93.01,744.08
4123,2025-02-19,South,Home,Towel Set,online,8,28.94,231.52
4124,2025-01-20,Northeast,Apparel,T-Shirt,online,2,17.98,35.96
4125,2025-03-01,West,Electronics,Headphones,store,0,77.09,0.0
4126,2025-11-29,West,Electronics,Phone Case,online,13,22.94,298.22
4127,2025-06-05,West,Apparel,Jeans,online,6,50.21,301.26
4128,2025-12-30,West,Grocery,Olive Oil,store,14,12.56,175.84
4129,2025-01-03,West,Electronics,Phone Case,online,3,23.62,70.86
4130,2025-06-21,East,Electronics,Phone Case,online,3,24.12,72.36
4131,2025-03-26,Northeast,Electronics,Phone Case,store,7,24.4,170.8
4132,2025-01-10,West,Grocery,Pasta,online,4,3.52,14.08
4133,2025-10-20,South,Grocery,Coffee Beans,store,3,13.73,41.19
4134,2025-02-25,West,Electronics,Laptop,store,1,854.92,854.92
4135,2025-08-17,West,Home,Lamp,online,7,35.1,245.7
4136,2025-12-27,Northeast,Home,Blender,online,1,58.99,58.99
4137,2025-10-20,Northeast,Home,Lamp,store,7,35.33,247.31
4138,2025-09-09,Northeast,Grocery,Pasta,online,6,3.54,21.24
4139,2025-01-31,South,Apparel,Jeans,store,3,47.12,141.36
4140,2025-08-07,South,Apparel,T-Shirt,online,8,18.0,144.0
4141,2025-10-28,West,Grocery,Olive Oil,store,5,11.4,57.0
4142,2025-06-07,East,Home,Blender,online,3,58.63,175.89
4143,2025-07-23,East,Electronics,Laptop,online,7,930.03,6510.21
4144,2025-12-06,South,Apparel,T-Shirt,store,4,18.81,75.24
4145,2025-05-04,West,Electronics,Headphones,store,0,81.18,0.0
4146,2025-07-15,West,Grocery,Olive Oil,store,3,11.58,34.74
4147,2025-05-20,Midwest,Apparel,T-Shirt,online,4,17.72,70.88
4148,2025-09-04,Northeast,Electronics,Laptop,store,4,929.62,3718.48
4149,2025-07-24,Midwest,Home,Blender,online,4,58.96,235.84
4150,2025-04-22,East,Home,Towel Set,store,3,28.55,85.65
4151,2025-09-24,East,Home,Lamp,online,4,33.9,135.6
4152,2025-02-22,West,Home,Towel Set,store,1,28.91,28.91
4153,2025-01-04,Northeast,Apparel,T-Shirt,online,1,17.55,17.55
4154,2025-04-15,West,Apparel,T-Shirt,online,4,17.52,70.08
4155,2025-12-16,West,Home,Towel Set,store,6,27.63,165.78
4156,2025-07-04,Northeast,Electronics,Headphones,store,0,76.78,0.0
4157,2025-09-26,South,Electronics,Headphones,store,0,79.56,0.0
4158,2025-01-09,Midwest,Apparel,Jeans,store,3,47.07,141.21
4159,2025-02-19,Northeast,Home,Lamp,online,1,34.77,34.77
4160,2025-06-15,East,Grocery,Coffee Beans,store,6,14.03,84.18
4161,2025-11-12,West,Home,Towel Set,online,5,28.38,141.9
4162,2025-11-05,Northeast,Grocery,Olive Oil,online,2,12.21,24.42
4163,2025-12-22,West,Home,Blender,online,13,59.55,774.15
4164,2025-12-12,West,Apparel,Jeans,online,5,48.87,244.35
4165,2025-06-19,West,Grocery,Pasta,store,1,3.55,3.55
4166,2025-07-26,East,Apparel,Jeans,store,5,47.86,239.3
4167,2025-10-18,Northeast,Grocery,Coffee Beans,online,6,14.08,84.48
4168,2025-11-12,West,Electronics,Laptop,store,9,870.7,7836.3
4169,2025-07-15,West,Electronics,Headphones,store,0,79.52,0.0
4170,2025-12-13,West,Home,Towel Set,store,12,27.24,326.88
4171,2025-06-22,South,Electronics,Laptop,store,5,882.85,4414.25
4172,2025-08-01,South,Home,Blender,store,8,56.39,451.12
4173,2025-04-22,West,Home,Towel Set,online,3,26.64,79.92
4174,2025-08-28,Midwest,Grocery,Coffee Beans,online,7,13.79,96.53
4175,2025-12-03,East,Home,Blender,online,8,57.73,461.84
4176,2025-05-18,Northeast,Electronics,Headphones,store,0,75.09,0.0
4177,2025-03-05,West,Electronics,Headphones,store,1,78.18,78.18
4178,2025-08-15,East,Grocery,Pasta,store,8,3.65,29.2
4179,2025-10-13,East,Grocery,Olive Oil,store,5,12.14,60.7
4180,2025-02-16,Midwest,Electronics,Phone Case,online,8,24.24,193.92
4181,2025-02-19,South,Apparel,Jacket,online,6,84.68,508.08
4182,2025-09-09,South,Grocery,Pasta,store,8,3.41,27.28
4183,2025-04-20,East,Grocery,Olive Oil,online,6,12.29,73.74
4184,2025-03-08,Northeast,Electronics,Phone Case,store,6,23.73,142.38
4185,2025-02-14,Midwest,Apparel,Jacket,store,4,88.49,353.96
4186,2025-08-16,South,Apparel,T-Shirt,store,4,18.01,72.04
4187,2025-09-15,West,Home,Towel Set,store,4,26.76,107.04
4188,2025-01-24,Northeast,Grocery,Pasta,store,3,3.61,10.83
4189,2025-05-16,South,Home,Lamp,store,6,35.1,210.6
4190,2025-04-01,East,Electronics,Phone Case,store,4,23.73,94.92
4191,2025-09-16,West,Electronics,Laptop,store,7,932.06,6524.42
4192,2025-11-15,West,Grocery,Coffee Beans,store,5,14.12,70.6
4193,2025-09-02,Midwest,Apparel,Jeans,store,2,49.13,98.26
4194,2025-12-03,West,Grocery,Coffee Beans,online,9,13.55,121.95
4195,2025-05-02,Midwest,Apparel,Jeans,store,2,49.01,98.02
4196,2025-11-23,West,Electronics,Headphones,online,6,77.53,465.18
4197,2025-07-10,West,Grocery,Olive Oil,store,4,11.4,45.6
4198,2025-09-21,West,Electronics,Laptop,store,8,924.66,7397.28
4199,2025-04-09,West,Electronics,Laptop,online,5,870.62,4353.1
4200,2025-07-01,West,Electronics,Headphones,online,1,78.09,78.09
4201,2025-11-03,West,Electronics,Laptop,store,9,910.28,8192.52
4202,2025-07-02,Northeast,Electronics,Phone Case,online,7,24.8,173.6
4203,2025-09-30,Northeast,Grocery,Olive Oil,store,1,11.49,11.49
4204,2025-10-02,West,Apparel,Jacket,online,12,89.87,1078.44
4205,2025-03-25,Northeast,Apparel,T-Shirt,store,2,18.75,37.5
4206,2025-11-04,West,Home,Towel Set,online,6,27.18,163.08
4207,2025-04-10,South,Home,Blender,online,5,59.37,296.85
4208,2025-01-22,East,Grocery,Olive Oil,online,8,12.52,100.16
4209,2025-09-11,Northeast,Apparel,Jeans,online,5,49.04,245.2
4210,2025-10-04,West,Grocery,Coffee Beans,online,9,14.27,128.43
4211,2025-03-09,East,Electronics,Headphones,store,0,82.5,0.0
4212,2025-09-09,East,Electronics,Laptop,store,2,858.37,1716.74
4213,2025-10-05,West,Electronics,Phone Case,online,12,24.87,298.44
4214,2025-11-11,East,Home,Blender,online,8,57.96,463.68
4215,2025-10-25,East,Electronics,Headphones,online,3,76.8,230.4
4216,2025-11-04,West,Electronics,Laptop,store,14,910.98,12753.72
4217,2025-01-25,South,Electronics,Headphones,online,0,75.75,0.0
4218,2025-01-26,Midwest,Electronics,Phone Case,online,5,23.77,118.85
4219,2025-02-22,Northeast,Electronics,Headphones,store,1,80.95,80.95
4220,2025-10-05,Northeast,Grocery,Coffee Beans,store,4,13.35,53.4
4221,2025-05-20,South,Apparel,Jeans,store,7,45.74,320.18
4222,2025-01-06,South,Electronics,Headphones,online,0,80.52,0.0
4223,2025-06-24,Northeast,Home,Towel Set,store,1,28.2,28.2
4224,2025-09-07,Northeast,Apparel,T-Shirt,store,1,17.36,17.36
4225,2025-05-29,Midwest,Grocery,Pasta,online,4,3.44,13.76
4226,2025-12-12,Northeast,Apparel,Jeans,store,2,49.21,98.42
4227,2025-11-04,East,Electronics,Laptop,store,5,938.39,4691.95
4228,2025-09-11,West,Grocery,Coffee Beans,store,7,14.68,102.76
4229,2025-09-23,West,Home,Towel Set,store,8,26.96,215.68
4230,2025-07-18,West,Grocery,Pasta,online,7,3.59,25.13
4231,2025-08-11,West,Home,Lamp,online,7,34.2,239.4
4232,2025-10-08,Midwest,Grocery,Olive Oil,online,6,11.55,69.3
4233,2025-07-13,West,Grocery,Olive Oil,store,5,12.39,61.95
4234,2025-01-23,West,Apparel,Jeans,online,3,46.59,139.77
4235,2025-06-15,West,Home,Blender,store,7,56.94,398.58
4236,2025-01-18,West,Apparel,Jacket,store,2,89.89,179.78
4237,2025-08-20,West,Apparel,T-Shirt,store,1,18.49,18.49
4238,2025-11-17,West,Home,Lamp,online,12,35.94,431.28
4239,2025-03-02,South,Grocery,Coffee Beans,store,4,14.16,56.64
4240,2025-05-28,East,Home,Blender,online,2,56.09,112.18
4241,2025-03-17,Northeast,Apparel,Jeans,online,5,49.08,245.4
4242,2025-12-24,West,Apparel,T-Shirt,store,13,18.02,234.26
4243,2025-04-11,Midwest,Grocery,Olive Oil,online,5,12.23,61.15
4244,2025-01-24,West,Electronics,Headphones,online,0,76.85,0.0
4245,2025-11-15,Northeast,Electronics,Phone Case,online,1,24.37,24.37
4246,2025-12-15,East,Apparel,T-Shirt,store,8,17.72,141.76
4247,2025-09-23,Midwest,Home,Towel Set,store,8,27.61,220.88
4248,2025-08-20,South,Home,Lamp,online,5,35.94,179.7
4249,2025-09-15,Northeast,Home,Blender,store,3,60.91,182.73
4250,2025-06-11,East,Home,Towel Set,store,2,27.17,54.34
4251,2025-02-04,Northeast,Home,Towel Set,online,4,27.53,110.12
4252,2025-05-09,East,Home,Towel Set,store,5,27.04,135.2
4253,2025-08-14,Midwest,Grocery,Pasta,online,8,3.51,28.08
4254,2025-06-03,Northeast,Grocery,Coffee Beans,online,8,13.38,107.04
4255,2025-06-10,East,Grocery,Olive Oil,store,2,12.13,24.26
4256,2025-07-10,East,Grocery,Coffee Beans,online,1,14.22,14.22
4257,2025-09-04,West,Apparel,Jeans,online,2,45.62,91.24
4258,2025-01-08,West,Apparel,Jeans,store,7,46.28,323.96
4259,2025-06-06,Midwest,Apparel,Jeans,online,8,46.62,372.96
4260,2025-02-19,South,Home,Blender,online,8,61.28,490.24
4261,2025-03-26,Northeast,Grocery,Coffee Beans,online,1,13.34,13.34
4262,2025-04-16,South,Home,Lamp,store,8,35.35,282.8
4263,2025-07-06,Northeast,Apparel,Jacket,store,2,90.13,180.26
4264,2025-09-01,West,Home,Blender,store,3,59.43,178.29
4265,2025-09-13,East,Grocery,Pasta,online,8,3.51,28.08
4266,2025-05-28,West,Home,Blender,online,3,57.0,171.0
4267,2025-04-28,South,Apparel,Jacket,online,8,92.82,742.56
4268,2025-01-08,East,Electronics,Headphones,online,3,81.35,244.05
4269,2025-08-24,Midwest,Apparel,T-Shirt,store,7,17.13,119.91
4270,2025-07-17,South,Grocery,Coffee Beans,online,8,14.24,113.92
4271,2025-07-13,East,Home,Towel Set,online,3,26.94,80.82
4272,2025-12-18,East,Electronics,Phone Case,online,7,24.86,174.02
4273,2025-10-03,West,Apparel,Jeans,online,11,47.65,524.15
4274,2025-04-16,West,Apparel,Jacket,store,7,90.28,631.96
4275,2025-10-19,West,Electronics,Headphones,store,5,80.27,401.35
4276,2025-10-06,West,Home,Blender,online,9,57.24,515.16
4277,2025-06-24,South,Electronics,Laptop,store,7,942.28,6595.96
4278,2025-06-29,West,Apparel,T-Shirt,online,7,17.15,120.05
4279,2025-05-01,West,Grocery,Olive Oil,online,4,11.77,47.08
4280,2025-07-12,Northeast,Electronics,Laptop,store,6,919.37,5516.22
4281,2025-07-05,Northeast,Apparel,Jacket,store,4,86.04,344.16
4282,2025-09-13,East,Electronics,Laptop,store,7,871.44,6100.08
4283,2025-06-22,East,Grocery,Pasta,store,8,3.47,27.76
4284,2025-09-01,Northeast,Home,Lamp,store,5,33.5,167.5
4285,2025-02-15,Northeast,Electronics,Phone Case,store,1,23.33,23.33
4286,2025-10-08,South,Home,Lamp,store,4,36.24,144.96
4287,2025-04-13,West,Grocery,Pasta,online,1,3.45,3.45
4288,2025-01-17,West,Electronics,Laptop,online,1,884.1,884.1
4289,2025-06-07,East,Grocery,Pasta,store,2,3.54,7.08
4290,2025-05-14,Northeast,Electronics,Laptop,online,7,931.72,6522.04
4291,2025-02-19,Midwest,Apparel,Jeans,online,2,47.1,94.2
4292,2025-06-25,Midwest,Home,Towel Set,online,7,27.67,193.69
4293,2025-08-25,Midwest,Grocery,Coffee Beans,online,7,14.12,98.84
4294,2025-03-02,West,Home,Blender,store,5,57.12,285.6
4295,2025-04-25,West,Apparel,Jacket,store,8,89.6,716.8
4296,2025-03-23,South,Grocery,Coffee Beans,store,8,13.81,110.48
4297,2025-11-13,West,Grocery,Pasta,online,11,3.37,37.07
4298,2025-12-14,Midwest,Grocery,Coffee Beans,online,7,14.32,100.24
4299,2025-01-03,Northeast,Grocery,Olive Oil,store,7,11.89,83.23
4300,2025-02-02,West,Apparel,Jacket,store,6,86.33,517.98
4301,2025-09-14,Midwest,Apparel,T-Shirt,online,7,18.89,132.23
4302,2025-05-21,Midwest,Electronics,Laptop,store,8,872.1,6976.8
4303,2025-07-22,Midwest,Apparel,Jacket,store,5,91.75,458.75
4304,2025-06-21,Midwest,Grocery,Olive Oil,store,5,12.38,61.9
4305,2025-08-15,South,Apparel,Jacket,online,8,87.0,696.0
4306,2025-05-10,West,Home,Lamp,online,4,35.96,143.84
4307,2025-08-15,Northeast,Electronics,Phone Case,store,7,24.43,171.01
4308,2025-06-11,Northeast,Apparel,Jeans,online,6,46.74,280.44
4309,2025-05-24,West,Grocery,Olive Oil,online,4,11.85,47.4
4310,2025-04-12,South,Grocery,Olive Oil,online,2,11.62,23.24
4311,2025-05-07,Midwest,Apparel,Jacket,online,5,90.75,453.75
4312,2025-01-15,Midwest,Home,Blender,store,1,56.57,56.57
4313,2025-07-17,South,Electronics,Headphones,online,2,75.41,150.82
4314,2025-07-28,East,Grocery,Olive Oil,store,5,11.65,58.25
4315,2025-07-22,Midwest,Apparel,Jacket,store,1,92.24,92.24
4316,2025-05-07,East,Grocery,Coffee Beans,store,6,13.67,82.02
4317,2025-11-01,West,Electronics,Phone Case,store,5,24.76,123.8
4318,2025-02-15,West,Grocery,Pasta,online,2,3.49,6.98
4319,2025-12-16,South,Electronics,Headphones,store,0,82.77,0.0
4320,2025-08-25,Midwest,Home,Towel Set,online,1,29.39,29.39
4321,2025-08-07,West,Apparel,T-Shirt,store,6,17.9,107.4
4322,2025-05-19,Midwest,Home,Lamp,online,6,36.56,219.36
4323,2025-12-09,East,Grocery,Coffee Beans,online,1,14.36,14.36
4324,2025-07-26,Midwest,Apparel,Jeans,store,2,45.89,91.78
4325,2025-11-22,Northeast,Electronics,Laptop,online,7,875.55,6128.85
4326,2025-02-18,Northeast,Electronics,Laptop,online,5,898.28,4491.4
4327,2025-07-06,Northeast,Apparel,Jacket,online,4,90.78,363.12
4328,2025-05-08,Northeast,Grocery,Coffee Beans,store,1,14.58,14.58
4329,2025-09-08,West,Grocery,Olive Oil,store,1,11.54,11.54
4330,2025-08-07,Midwest,Electronics,Headphones,online,3,81.06,243.18
4331,2025-08-14,South,Home,Blender,online,6,57.55,345.3
4332,2025-08-25,South,Apparel,Jacket,online,5,92.27,461.35
4333,2025-11-14,West,Home,Towel Set,online,7,28.32,198.24
4334,2025-08-20,Northeast,Home,Towel Set,store,5,28.85,144.25
4335,2025-05-06,West,Grocery,Pasta,store,5,3.59,17.95
4336,2025-05-14,West,Apparel,Jacket,online,3,84.76,254.28
4337,2025-11-17,West,Apparel,Jeans,online,10,49.65,496.5
4338,2025-08-05,West,Electronics,Phone Case,store,1,23.18,23.18
4339,2025-03-08,Northeast,Grocery,Pasta,online,3,3.4,10.2
4340,2025-05-06,Midwest,Apparel,Jeans,online,1,50.3,50.3
4341,2025-08-14,Northeast,Electronics,Headphones,store,2,81.41,162.82
4342,2025-12-16,East,Electronics,Laptop,online,6,931.94,5591.64
4343,2025-04-21,West,Apparel,T-Shirt,online,4,17.63,70.52
4344,2025-02-10,Northeast,Home,Towel Set,online,7,28.72,201.04
4345,2025-09-22,West,Electronics,Headphones,online,0,81.23,0.0
4346,2025-05-02,West,Apparel,Jeans,store,4,49.0,196.0
4347,2025-09-22,Midwest,Grocery,Coffee Beans,online,6,13.68,82.08
4348,2025-11-23,East,Electronics,Headphones,online,0,79.28,0.0
4349,2025-12-14,West,Home,Lamp,store,9,36.23,326.07
4350,2025-09-16,South,Apparel,Jacket,store,2,90.65,181.3
4351,2025-06-22,Northeast,Electronics,Laptop,online,2,938.27,1876.54
4352,2025-10-22,West,Apparel,Jeans,store,14,49.16,688.24
4353,2025-02-22,South,Electronics,Phone Case,store,5,24.03,120.15
4354,2025-10-27,South,Electronics,Phone Case,online,5,24.37,121.85
4355,2025-07-28,West,Home,Lamp,online,7,34.8,243.6
4356,2025-11-01,South,Apparel,Jacket,online,6,87.83,526.98
4357,2025-09-18,West,Home,Towel Set,online,6,27.85,167.1
4358,2025-06-03,Midwest,Grocery,Pasta,store,3,3.46,10.38
4359,2025-07-09,West,Home,Blender,store,5,56.93,284.65
4360,2025-10-28,East,Grocery,Olive Oil,store,1,12.14,12.14
4361,2025-09-10,West,Apparel,Jeans,store,5,48.48,242.4
4362,2025-10-08,Northeast,Grocery,Pasta,store,2,3.65,7.3
4363,2025-08-12,East,Apparel,Jeans,store,6,46.16,276.96
4364,2025-07-06,South,Electronics,Laptop,store,5,892.79,4463.95
4365,2025-11-16,West,Grocery,Pasta,online,9,3.6,32.4
4366,2025-03-17,Midwest,Apparel,T-Shirt,online,6,18.8,112.8
4367,2025-02-27,East,Apparel,T-Shirt,store,1,18.73,18.73
4368,2025-01-29,South,Apparel,Jacket,online,6,91.58,549.48
4369,2025-07-02,South,Apparel,Jeans,online,7,50.2,351.4
4370,2025-10-13,East,Home,Lamp,store,7,35.7,249.9
4371,2025-08-01,Northeast,Apparel,T-Shirt,store,2,18.88,37.76
4372,2025-01-16,West,Apparel,T-Shirt,online,6,17.95,107.7
4373,2025-06-18,Northeast,Apparel,T-Shirt,online,8,18.23,145.84
4374,2025-10-26,West,Grocery,Olive Oil,store,7,12.46,87.22
4375,2025-12-09,West,Apparel,Jacket,online,6,93.27,559.62
4376,2025-07-10,Northeast,Home,Towel Set,online,6,26.86,161.16
4377,2025-04-15,West,Home,Lamp,store,4,33.42,133.68
4378,2025-12-18,East,Home,Towel Set,store,1,27.28,27.28
4379,2025-04-05,East,Grocery,Olive Oil,online,2,12.53,25.06
4380,2025-10-14,East,Apparel,Jeans,store,7,48.09,336.63
4381,2025-08-20,East,Apparel,T-Shirt,online,5,18.08,90.4
4382,2025-09-20,East,Apparel,T-Shirt,store,8,17.88,143.04
4383,2025-05-23,West,Grocery,Pasta,store,5,3.62,18.1
4384,2025-08-26,East,Home,Lamp,store,8,34.67,277.36
4385,2025-11-01,South,Electronics,Phone Case,store,5,23.86,119.3
4386,2025-05-20,East,Apparel,Jeans,store,5,48.79,243.95
4387,2025-05-12,Northeast,Home,Towel Set,store,6,27.3,163.8
4388,2025-06-19,Midwest,Apparel,Jacket,online,5,86.29,431.45
4389,2025-01-06,Midwest,Electronics,Phone Case,store,7,23.44,164.08
4390,2025-07-19,Northeast,Electronics,Laptop,online,3,929.55,2788.65
4391,2025-05-05,East,Apparel,Jeans,store,1,46.26,46.26
4392,2025-04-26,East,Grocery,Olive Oil,store,7,11.46,80.22
4393,2025-12-12,East,Grocery,Pasta,store,6,3.57,21.42
4394,2025-09-11,West,Apparel,Jeans,store,6,48.4,290.4
4395,2025-12-12,Midwest,Apparel,Jeans,store,1,48.3,48.3
4396,2025-01-28,South,Electronics,Phone Case,online,8,25.0,200.0
4397,2025-11-30,West,Apparel,Jacket,store,11,86.46,951.06
4398,2025-03-26,South,Grocery,Coffee Beans,store,6,14.65,87.9
4399,2025-04-09,South,Home,Blender,online,2,57.77,115.54
4400,2025-12-17,Midwest,Apparel,Jeans,online,3,49.75,149.25
4401,2025-01-26,West,Electronics,Phone Case,store,1,24.41,24.41
4402,2025-06-24,West,Home,Blender,store,6,61.24,367.44
4403,2025-01-26,South,Home,Blender,online,8,60.24,481.92
4404,2025-08-05,East,Home,Lamp,online,3,35.98,107.94
4405,2025-04-17,West,Electronics,Headphones,online,5,82.32,411.6
4406,2025-11-12,Midwest,Electronics,Laptop,store,2,867.63,1735.26
4407,2025-09-28,Midwest,Apparel,Jacket,store,1,87.77,87.77
4408,2025-06-20,Midwest,Electronics,Phone Case,online,7,23.64,165.48
4409,2025-02-18,South,Home,Lamp,online,1,33.41,33.41
4410,2025-11-18,South,Electronics,Laptop,online,1,892.54,892.54
4411,2025-11-01,East,Electronics,Headphones,store,2,77.32,154.64
4412,2025-08-24,West,Grocery,Coffee Beans,online,4,13.36,53.44
4413,2025-02-12,Midwest,Apparel,T-Shirt,online,7,17.42,121.94
4414,2025-07-30,West,Home,Blender,online,7,58.42,408.94
4415,2025-07-02,West,Grocery,Coffee Beans,store,6,13.94,83.64
4416,2025-06-23,West,Grocery,Coffee Beans,online,7,14.24,99.68
4417,2025-11-19,West,Home,Lamp,store,6,33.64,201.84
4418,2025-12-17,Northeast,Grocery,Coffee Beans,store,6,14.11,84.66
4419,2025-08-25,West,Home,Blender,online,8,61.06,488.48
4420,2025-12-19,East,Home,Lamp,online,4,35.26,141.04
4421,2025-12-23,West,Apparel,Jeans,store,9,49.12,442.08
4422,2025-08-03,West,Grocery,Olive Oil,store,2,11.63,23.26
4423,2025-12-28,West,Home,Lamp,online,11,34.64,381.04
4424,2025-09-28,South,Electronics,Phone Case,online,1,23.14,23.14
4425,2025-06-05,West,Electronics,Headphones,store,0,79.35,0.0
4426,2025-06-11,West,Home,Blender,store,6,58.36,350.16
4427,2025-05-07,Midwest,Home,Blender,online,6,57.91,347.46
4428,2025-12-25,West,Grocery,Olive Oil,online,8,11.4,91.2
4429,2025-07-27,South,Home,Lamp,store,3,33.37,100.11
4430,2025-02-19,West,Apparel,Jeans,online,3,46.13,138.39
4431,2025-06-24,Northeast,Home,Towel Set,online,8,29.02,232.16
4432,2025-02-17,Northeast,Apparel,Jeans,online,8,47.78,382.24
4433,2025-07-11,West,Electronics,Headphones,online,2,82.7,165.4
4434,2025-01-16,West,Electronics,Phone Case,store,2,24.53,49.06
4435,2025-07-13,Northeast,Home,Blender,online,4,58.93,235.72
4436,2025-07-12,Midwest,Electronics,Phone Case,store,1,24.53,24.53
4437,2025-07-17,South,Apparel,T-Shirt,store,6,18.13,108.78
4438,2025-08-28,West,Grocery,Pasta,store,5,3.33,16.65
4439,2025-07-20,West,Electronics,Headphones,store,2,78.41,156.82
4440,2025-08-19,West,Home,Lamp,online,7,35.91,251.37
4441,2025-02-03,West,Grocery,Olive Oil,online,1,12.29,12.29
4442,2025-11-07,East,Grocery,Coffee Beans,online,1,14.13,14.13
4443,2025-10-12,West,Grocery,Coffee Beans,online,9,14.52,130.68
4444,2025-12-20,West,Home,Towel Set,online,14,27.57,385.98
4445,2025-09-09,West,Electronics,Headphones,store,0,76.11,0.0
4446,2025-03-08,West,Electronics,Phone Case,store,7,23.82,166.74
4447,2025-06-06,Midwest,Grocery,Coffee Beans,store,6,14.65,87.9
4448,2025-07-19,Northeast,Electronics,Phone Case,online,6,23.16,138.96
4449,2025-03-03,South,Grocery,Coffee Beans,store,3,14.42,43.26
4450,2025-06-30,West,Grocery,Pasta,online,5,3.47,17.35
4451,2025-09-26,Midwest,Home,Lamp,online,2,35.18,70.36
4452,2025-09-08,South,Grocery,Pasta,store,4,3.48,13.92
4453,2025-07-11,Northeast,Apparel,Jacket,store,4,86.47,345.88
4454,2025-07-10,Northeast,Grocery,Coffee Beans,online,1,13.79,13.79
4455,2025-02-11,West,Grocery,Pasta,store,2,3.55,7.1
4456,2025-03-18,Midwest,Electronics,Phone Case,online,4,24.16,96.64
4457,2025-04-18,West,Home,Towel Set,online,8,27.29,218.32
4458,2025-10-13,West,Apparel,Jacket,store,13,89.27,1160.51
4459,2025-04-29,South,Home,Lamp,online,5,33.44,167.2
4460,2025-10-09,South,Grocery,Olive Oil,online,3,11.54,34.62
4461,2025-07-26,Northeast,Home,Lamp,store,4,33.68,134.72
4462,2025-10-20,East,Home,Towel Set,online,8,26.83,214.64
4463,2025-09-19,West,Home,Towel Set,store,8,28.52,228.16
4464,2025-07-11,West,Apparel,Jeans,store,8,48.93,391.44
4465,2025-09-05,Northeast,Electronics,Headphones,store,3,76.66,229.98
4466,2025-04-19,South,Home,Lamp,online,2,35.01,70.02
4467,2025-02-05,Midwest,Apparel,T-Shirt,online,8,18.72,149.76
4468,2025-03-22,West,Apparel,Jacket,online,4,91.07,364.28
4469,2025-07-14,South,Grocery,Olive Oil,store,3,12.59,37.77
4470,2025-11-10,West,Home,Towel Set,online,13,27.74,360.62
4471,2025-01-03,Northeast,Apparel,Jeans,online,5,47.52,237.6
4472,2025-04-27,Northeast,Apparel,Jeans,online,2,45.89,91.78
4473,2025-01-09,Midwest,Grocery,Pasta,online,3,3.45,10.35
4474,2025-02-28,West,Electronics,Phone Case,online,7,24.01,168.07
4475,2025-11-09,Northeast,Electronics,Laptop,online,4,922.61,3690.44
4476,2025-07-09,South,Home,Towel Set,store,2,28.83,57.66
4477,2025-02-21,West,Grocery,Coffee Beans,online,6,13.72,82.32
4478,2025-07-22,West,Electronics,Headphones,store,2,81.7,163.4
4479,2025-07-16,South,Apparel,Jeans,store,1,50.35,50.35
4480,2025-04-02,East,Apparel,Jacket,store,3,91.61,274.83
4481,2025-03-15,Northeast,Apparel,T-Shirt,store,2,18.61,37.22
4482,2025-08-16,South,Home,Lamp,store,1,34.59,34.59
4483,2025-11-16,South,Grocery,Olive Oil,online,1,12.26,12.26
4484,2025-08-02,West,Home,Towel Set,online,6,26.74,160.44
4485,2025-02-25,South,Home,Blender,store,2,59.78,119.56
4486,2025-04-01,West,Home,Blender,store,8,59.79,478.32
4487,2025-06-23,Midwest,Electronics,Phone Case,store,2,23.85,47.7
4488,2025-09-28,South,Apparel,T-Shirt,online,4,17.49,69.96
4489,2025-08-11,West,Home,Towel Set,store,2,29.35,58.7
4490,2025-06-18,South,Electronics,Headphones,online,5,80.32,401.6
4491,2025-03-29,South,Home,Towel Set,store,3,28.26,84.78
4492,2025-02-13,West,Electronics,Phone Case,store,5,23.18,115.9
4493,2025-09-15,West,Electronics,Headphones,online,0,80.98,0.0
4494,2025-09-20,Midwest,Home,Towel Set,online,3,27.4,82.2
4495,2025-07-31,West,Electronics,Laptop,online,5,863.77,4318.85
4496,2025-01-22,West,Apparel,Jacket,store,7,88.43,619.01
4497,2025-07-26,South,Electronics,Phone Case,online,2,23.91,47.82
4498,2025-05-07,Midwest,Apparel,Jacket,online,5,92.68,463.4
4499,2025-05-20,Northeast,Electronics,Headphones,online,5,81.34,406.7
4500,2025-12-02,West,Electronics,Laptop,online,10,859.59,8595.9
4501,2025-04-22,West,Grocery,Olive Oil,online,4,12.46,49.84
4502,2025-05-29,South,Electronics,Phone Case,online,5,23.15,115.75
4503,2025-07-22,West,Grocery,Pasta,online,3,3.55,10.65
4504,2025-01-06,South,Home,Lamp,online,7,34.1,238.7
4505,2025-08-14,Midwest,Grocery,Pasta,online,3,3.43,10.29
4506,2025-11-13,East,Grocery,Olive Oil,store,8,12.25,98.0
4507,2025-06-04,West,Grocery,Pasta,online,8,3.35,26.8
4508,2025-11-29,West,Apparel,Jacket,online,12,84.73,1016.76
4509,2025-01-19,South,Electronics,Laptop,store,3,940.94,2822.82
4510,2025-05-26,East,Apparel,Jeans,online,5,47.67,238.35
4511,2025-02-03,Northeast,Home,Towel Set,online,7,27.96,195.72
4512,2025-12-30,Northeast,Apparel,Jacket,online,2,86.5,173.0
4513,2025-10-10,West,Home,Lamp,online,9,36.65,329.85
4514,2025-10-09,Northeast,Electronics,Headphones,online,2,77.22,154.44
4515,2025-06-30,Midwest,Home,Blender,store,2,59.46,118.92
4516,2025-02-11,Northeast,Home,Towel Set,online,6,28.42,170.52
4517,2025-05-08,Midwest,Electronics,Headphones,online,1,81.49,81.49
4518,2025-09-11,West,Apparel,Jacket,store,7,90.41,632.87
4519,2025-04-12,Midwest,Grocery,Olive Oil,store,7,12.25,85.75
4520,2025-03-06,East,Electronics,Headphones,store,3,75.63,226.89
4521,2025-10-10,West,Apparel,Jeans,online,13,46.38,602.94
4522,2025-06-20,East,Home,Towel Set,online,2,28.68,57.36
4523,2025-06-29,Northeast,Grocery,Coffee Beans,store,2,13.45,26.9
4524,2025-01-14,Midwest,Apparel,Jeans,online,7,48.83,341.81
4525,2025-04-28,South,Electronics,Headphones,online,0,77.04,0.0
4526,2025-09-12,East,Home,Blender,store,8,56.84,454.72
4527,2025-09-15,Midwest,Electronics,Phone Case,online,3,24.92,74.76
4528,2025-04-21,Northeast,Electronics,Laptop,online,4,893.73,3574.92
4529,2025-06-30,South,Grocery,Olive Oil,store,2,12.45,24.9
4530,2025-02-06,Midwest,Apparel,Jacket,store,8,86.72,693.76
4531,2025-04-22,West,Apparel,Jacket,online,2,86.67,173.34
4532,2025-01-09,Northeast,Grocery,Coffee Beans,online,7,13.38,93.66
4533,2025-06-21,Northeast,Apparel,Jacket,online,2,84.79,169.58
4534,2025-09-18,East,Grocery,Pasta,store,1,3.58,3.58
4535,2025-01-23,West,Home,Lamp,online,1,35.72,35.72
4536,2025-10-06,West,Electronics,Laptop,store,8,941.48,7531.84
4537,2025-11-21,Northeast,Grocery,Olive Oil,online,2,11.62,23.24
4538,2025-05-25,Northeast,Grocery,Coffee Beans,online,1,14.23,14.23
4539,2025-05-24,South,Grocery,Pasta,online,5,3.58,17.9
4540,2025-06-06,West,Electronics,Headphones,store,0,75.57,0.0
4541,2025-01-11,Midwest,Electronics,Laptop,online,2,910.6,1821.2
4542,2025-04-13,West,Apparel,Jeans,store,8,50.21,401.68
4543,2025-10-20,West,Electronics,Phone Case,store,11,24.62,270.82
4544,2025-12-15,West,Home,Towel Set,store,12,27.79,333.48
4545,2025-12-03,West,Grocery,Coffee Beans,store,14,14.3,200.2
4546,2025-08-05,Midwest,Apparel,T-Shirt,online,8,18.0,144.0
4547,2025-12-03,West,Home,Towel Set,online,11,28.09,308.99
4548,2025-08-22,East,Electronics,Headphones,store,0,76.83,0.0
4549,2025-03-01,South,Apparel,Jacket,store,2,92.82,185.64
4550,2025-11-27,Midwest,Home,Lamp,online,1,35.13,35.13
4551,2025-09-13,Northeast,Grocery,Pasta,online,2,3.41,6.82
4552,2025-06-28,South,Apparel,Jacket,online,2,92.62,185.24
4553,2025-10-04,East,Grocery,Olive Oil,online,5,11.44,57.2
4554,2025-06-06,East,Home,Lamp,online,6,35.61,213.66
4555,2025-05-09,West,Grocery,Coffee Beans,store,8,14.49,115.92
4556,2025-01-05,West,Electronics,Phone Case,store,2,25.11,50.22
4557,2025-07-01,Northeast,Apparel,T-Shirt,online,6,18.34,110.04
4558,2025-07-03,South,Apparel,T-Shirt,store,1,17.58,17.58
4559,2025-08-19,Northeast,Grocery,Pasta,store,3,3.57,10.71
4560,2025-11-26,East,Electronics,Laptop,online,3,895.0,2685.0
4561,2025-12-14,South,Electronics,Phone Case,store,2,23.99,47.98
4562,2025-03-05,South,Grocery,Coffee Beans,store,8,13.81,110.48
4563,2025-10-03,South,Electronics,Laptop,store,7,903.67,6325.69
4564,2025-09-05,West,Grocery,Pasta,store,7,3.38,23.66
4565,2025-03-06,South,Grocery,Coffee Beans,store,7,14.09,98.63
4566,2025-08-29,West,Electronics,Laptop,store,1,895.96,895.96
4567,2025-04-29,South,Grocery,Coffee Beans,store,4,14.22,56.88
4568,2025-01-15,East,Apparel,Jeans,store,8,49.31,394.48
4569,2025-12-03,Northeast,Electronics,Laptop,online,4,877.49,3509.96
4570,2025-09-20,Midwest,Grocery,Olive Oil,online,3,11.71,35.13
4571,2025-05-26,South,Electronics,Laptop,online,7,859.37,6015.59
4572,2025-05-28,East,Electronics,Headphones,store,1,80.5,80.5
4573,2025-09-19,East,Grocery,Pasta,online,8,3.64,29.12
4574,2025-01-30,West,Apparel,T-Shirt,store,3,17.59,52.77
4575,2025-07-01,Midwest,Apparel,T-Shirt,store,3,17.48,52.44
4576,2025-06-11,West,Home,Blender,online,6,56.48,338.88
4577,2025-05-13,West,Electronics,Laptop,online,1,911.59,911.59
4578,2025-07-14,West,Electronics,Laptop,store,4,912.45,3649.8
4579,2025-01-28,South,Home,Blender,online,5,61.82,309.1
4580,2025-05-16,West,Grocery,Pasta,online,6,3.59,21.54
4581,2025-04-13,East,Apparel,Jeans,online,7,46.19,323.33
4582,2025-02-25,South,Apparel,Jeans,online,2,47.58,95.16
4583,2025-10-01,West,Apparel,Jeans,online,13,47.71,620.23
4584,2025-03-20,East,Apparel,T-Shirt,online,5,17.59,87.95
4585,2025-01-17,East,Home,Blender,store,4,59.33,237.32
4586,2025-06-28,East,Apparel,Jacket,online,1,89.07,89.07
4587,2025-06-22,West,Grocery,Pasta,online,2,3.63,7.26
4588,2025-10-27,Midwest,Home,Lamp,store,5,36.01,180.05
4589,2025-03-09,South,Grocery,Pasta,store,5,3.49,17.45
4590,2025-05-21,South,Home,Blender,store,1,58.57,58.57
4591,2025-01-25,Midwest,Home,Lamp,store,3,35.16,105.48
4592,2025-12-10,South,Home,Lamp,store,6,35.33,211.98
4593,2025-11-30,Midwest,Electronics,Phone Case,online,1,23.14,23.14
4594,2025-05-11,West,Home,Lamp,store,6,36.08,216.48
4595,2025-04-12,West,Electronics,Headphones,online,2,79.58,159.16
4596,2025-03-14,South,Grocery,Coffee Beans,store,7,14.09,98.63
4597,2025-03-11,West,Grocery,Pasta,online,7,3.37,23.59
4598,2025-01-30,South,Electronics,Phone Case,online,5,24.6,123.0
4599,2025-05-07,Northeast,Apparel,Jeans,online,6,47.81,286.86
4600,2025-03-21,East,Grocery,Coffee Beans,store,5,14.13,70.65
4601,2025-10-19,West,Apparel,Jeans,store,14,48.5,679.0
4602,2025-11-16,West,Grocery,Olive Oil,online,12,11.61,139.32
4603,2025-02-25,South,Home,Lamp,online,3,35.1,105.3
4604,2025-03-16,South,Electronics,Laptop,online,4,907.96,3631.84
4605,2025-07-21,East,Grocery,Pasta,online,5,3.49,17.45
4606,2025-12-30,West,Apparel,T-Shirt,store,12,18.41,220.92
4607,2025-12-06,West,Electronics,Laptop,store,5,874.85,4374.25
4608,2025-01-09,East,Home,Towel Set,online,5,26.71,133.55
4609,2025-12-14,Northeast,Apparel,T-Shirt,online,7,17.9,125.3
4610,2025-09-09,South,Home,Blender,online,5,57.93,289.65
4611,2025-04-22,East,Grocery,Coffee Beans,online,4,14.3,57.2
4612,2025-11-08,West,Home,Blender,store,5,56.76,283.8
4613,2025-07-14,West,Grocery,Coffee Beans,online,5,13.66,68.3
4614,2025-12-23,Northeast,Grocery,Pasta,online,2,3.63,7.26
4615,2025-07-04,Midwest,Home,Blender,online,1,58.15,58.15
4616,2025-10-14,East,Electronics,Phone Case,store,6,23.33,139.98
4617,2025-01-27,East,Home,Lamp,store,4,36.22,144.88
4618,2025-02-23,Northeast,Grocery,Coffee Beans,store,5,14.62,73.1
4619,2025-09-22,East,Grocery,Olive Oil,store,1,12.13,12.13
4620,2025-09-27,West,Electronics,Laptop,online,3,896.49,2689.47
4621,2025-01-15,Midwest,Electronics,Laptop,online,5,901.02,4505.1
4622,2025-06-27,West,Apparel,Jacket,store,3,91.42,274.26
4623,2025-05-01,South,Grocery,Pasta,online,8,3.49,27.92
4624,2025-11-14,West,Home,Blender,online,7,60.88,426.16
4625,2025-01-02,South,Electronics,Headphones,store,3,75.14,225.42
4626,2025-03-04,West,Electronics,Headphones,store,0,78.95,0.0
4627,2025-12-25,South,Apparel,Jacket,store,1,93.0,93.0
4628,2025-10-28,West,Electronics,Headphones,store,8,75.39,603.12
4629,2025-05-08,Northeast,Apparel,Jacket,store,3,85.69,257.07
4630,2025-09-14,South,Electronics,Phone Case,online,3,23.49,70.47
4631,2025-01-21,East,Apparel,Jacket,store,5,92.68,463.4
4632,2025-07-25,West,Grocery,Pasta,store,5,3.56,17.8
4633,2025-11-06,Northeast,Apparel,T-Shirt,store,7,18.51,129.57
4634,2025-08-18,West,Grocery,Olive Oil,store,6,12.08,72.48
4635,2025-09-30,South,Electronics,Laptop,online,7,889.59,6227.13
4636,2025-08-23,Midwest,Apparel,T-Shirt,store,8,18.22,145.76
4637,2025-10-03,South,Home,Lamp,store,3,33.43,100.29
4638,2025-05-23,West,Grocery,Olive Oil,store,3,11.83,35.49
4639,2025-05-13,Midwest,Electronics,Headphones,store,0,75.07,0.0
4640,2025-11-18,Midwest,Apparel,T-Shirt,store,3,17.77,53.31
4641,2025-08-10,Northeast,Home,Blender,online,3,59.99,179.97
4642,2025-08-29,South,Grocery,Coffee Beans,online,8,13.81,110.48
4643,2025-04-05,East,Home,Blender,online,6,59.31,355.86
4644,2025-08-23,Northeast,Apparel,Jacket,online,3,87.82,263.46
4645,2025-12-28,West,Apparel,Jeans,store,6,45.69,274.14
4646,2025-09-09,East,Grocery,Olive Oil,online,4,12.24,48.96
4647,2025-01-16,South,Electronics,Laptop,store,4,884.47,3537.88
4648,2025-03-06,South,Grocery,Olive Oil,store,8,12.14,97.12
4649,2025-08-14,West,Grocery,Coffee Beans,store,8,13.36,106.88
4650,2025-05-20,West,Apparel,T-Shirt,online,1,18.67,18.67
4651,2025-01-27,Northeast,Electronics,Phone Case,store,5,25.18,125.9
4652,2025-04-11,Midwest,Electronics,Phone Case,store,8,23.37,186.96
4653,2025-08-12,West,Apparel,Jeans,store,1,49.44,49.44
4654,2025-06-16,South,Grocery,Pasta,online,5,3.51,17.55
4655,2025-10-04,South,Electronics,Headphones,online,0,78.91,0.0
4656,2025-04-30,South,Electronics,Phone Case,store,4,23.22,92.88
4657,2025-12-29,West,Home,Blender,online,11,56.85,625.35
4658,2025-10-27,Northeast,Home,Blender,store,1,59.37,59.37
4659,2025-01-08,West,Home,Blender,online,5,57.76,288.8
4660,2025-09-19,South,Grocery,Pasta,store,5,3.35,16.75
4661,2025-02-26,Midwest,Grocery,Pasta,online,7,3.43,24.01
4662,2025-10-08,East,Electronics,Laptop,store,5,915.69,4578.45
4663,2025-07-09,Midwest,Grocery,Olive Oil,store,7,12.3,86.1
4664,2025-07-10,Midwest,Grocery,Pasta,store,7,3.49,24.43
4665,2025-01-24,East,Electronics,Phone Case,store,3,24.84,74.52
4666,2025-10-28,West,Apparel,Jeans,online,9,45.94,413.46
4667,2025-05-28,Northeast,Grocery,Olive Oil,online,8,12.11,96.88
4668,2025-03-15,South,Apparel,T-Shirt,online,2,17.11,34.22
4669,2025-12-18,South,Electronics,Headphones,online,0,79.75,0.0
4670,2025-12-14,West,Grocery,Olive Oil,store,13,11.44,148.72
4671,2025-03-13,Midwest,Home,Towel Set,online,2,27.29,54.58
4672,2025-05-12,East,Electronics,Phone Case,online,4,25.2,100.8
4673,2025-05-04,West,Electronics,Laptop,store,7,914.16,6399.12
4674,2025-07-01,Northeast,Apparel,Jeans,store,3,47.13,141.39
4675,2025-12-23,West,Home,Towel Set,store,7,26.89,188.23
4676,2025-04-09,Midwest,Apparel,Jeans,store,4,49.0,196.0
4677,2025-06-12,West,Grocery,Olive Oil,online,8,12.18,97.44
4678,2025-12-31,East,Apparel,Jeans,store,7,50.19,351.33
4679,2025-05-07,East,Apparel,Jacket,store,2,90.46,180.92
4680,2025-08-26,East,Apparel,Jacket,store,2,92.6,185.2
4681,2025-11-04,Northeast,Electronics,Phone Case,store,7,23.11,161.77
4682,2025-11-05,West,Grocery,Pasta,online,15,3.53,52.95
4683,2025-10-02,West,Grocery,Olive Oil,store,15,12.4,186.0
4684,2025-08-23,Midwest,Electronics,Laptop,online,8,865.84,6926.72
4685,2025-02-09,West,Apparel,Jacket,online,4,92.0,368.0
4686,2025-10-04,Midwest,Home,Blender,online,6,56.78,340.68
4687,2025-11-23,West,Electronics,Phone Case,store,11,24.96,274.56
4688,2025-06-06,South,Grocery,Olive Oil,online,2,11.58,23.16
4689,2025-07-20,Midwest,Home,Towel Set,online,6,28.28,169.68
4690,2025-01-19,South,Home,Towel Set,online,6,27.67,166.02
4691,2025-05-04,West,Apparel,T-Shirt,online,8,17.2,137.6
4692,2025-06-10,Northeast,Apparel,T-Shirt,store,1,18.71,18.71
4693,2025-03-14,Northeast,Apparel,T-Shirt,store,5,17.19,85.95
4694,2025-07-08,West,Home,Towel Set,online,1,29.24,29.24
4695,2025-10-27,Northeast,Grocery,Coffee Beans,online,1,13.67,13.67
4696,2025-06-04,East,Electronics,Laptop,online,2,896.13,1792.26
4697,2025-12-09,East,Apparel,Jacket,online,3,92.9,278.7
4698,2025-09-08,East,Grocery,Pasta,store,8,3.45,27.6
4699,2025-07-23,West,Home,Lamp,store,4,34.92,139.68
4700,2025-06-22,Northeast,Electronics,Headphones,store,0,82.46,0.0
4701,2025-07-19,West,Apparel,Jacket,online,3,89.71,269.13
4702,2025-11-07,West,Grocery,Olive Oil,online,7,12.4,86.8
4703,2025-01-31,West,Home,Lamp,online,1,35.48,35.48
4704,2025-08-12,West,Apparel,Jacket,online,8,92.49,739.92
4705,2025-08-31,Northeast,Electronics,Laptop,online,2,873.92,1747.84
4706,2025-12-19,East,Grocery,Pasta,online,6,3.52,21.12
4707,2025-06-11,West,Apparel,T-Shirt,online,2,18.52,37.04
4708,2025-08-04,East,Home,Blender,store,6,61.1,366.6
4709,2025-11-03,West,Electronics,Phone Case,store,10,24.8,248.0
4710,2025-05-09,Midwest,Apparel,Jeans,store,3,46.61,139.83
4711,2025-10-16,Midwest,Electronics,Headphones,online,1,76.28,76.28
4712,2025-11-20,West,Home,Blender,store,9,58.4,525.6
4713,2025-03-22,West,Grocery,Olive Oil,store,2,12.2,24.4
4714,2025-01-29,East,Home,Towel Set,store,1,27.21,27.21
4715,2025-01-23,West,Grocery,Coffee Beans,online,7,13.78,96.46
4716,2025-11-27,Midwest,Apparel,Jeans,store,7,47.37,331.59
4717,2025-03-03,Northeast,Apparel,Jeans,online,5,46.76,233.8
4718,2025-08-04,East,Home,Towel Set,store,6,28.9,173.4
4719,2025-11-29,Midwest,Apparel,T-Shirt,store,7,17.63,123.41
4720,2025-04-13,Midwest,Apparel,Jeans,online,2,47.11,94.22
4721,2025-09-21,Midwest,Grocery,Olive Oil,store,6,11.83,70.98
4722,2025-10-24,West,Grocery,Coffee Beans,online,12,14.4,172.8
4723,2025-04-23,South,Home,Blender,store,5,60.4,302.0
4724,2025-11-23,West,Electronics,Phone Case,online,8,23.24,185.92
4725,2025-02-17,South,Apparel,Jeans,store,4,49.63,198.52
4726,2025-08-21,East,Grocery,Pasta,store,2,3.34,6.68
4727,2025-05-26,West,Grocery,Pasta,online,8,3.35,26.8
4728,2025-01-24,East,Grocery,Coffee Beans,online,3,14.13,42.39
4729,2025-03-04,West,Home,Lamp,online,4,34.34,137.36
4730,2025-11-07,West,Apparel,T-Shirt,online,12,18.39,220.68
4731,2025-07-21,Northeast,Apparel,T-Shirt,store,6,18.55,111.3
4732,2025-04-12,Northeast,Grocery,Olive Oil,online,5,12.19,60.95
4733,2025-09-13,Northeast,Electronics,Laptop,store,5,899.52,4497.6
4734,2025-06-05,Midwest,Grocery,Olive Oil,store,4,12.23,48.92
4735,2025-08-09,West,Apparel,T-Shirt,store,6,18.01,108.06
4736,2025-01-09,South,Home,Lamp,store,8,33.83,270.64
4737,2025-04-05,Northeast,Home,Blender,online,3,57.98,173.94
4738,2025-09-07,South,Grocery,Olive Oil,online,1,11.97,11.97
4739,2025-12-16,West,Home,Blender,online,11,57.54,632.94
4740,2025-08-02,West,Apparel,T-Shirt,store,7,18.18,127.26
4741,2025-02-14,Midwest,Grocery,Coffee Beans,store,8,14.36,114.88
4742,2025-11-12,South,Apparel,Jacket,store,4,92.47,369.88
4743,2025-12-15,Northeast,Apparel,T-Shirt,store,6,18.22,109.32
4744,2025-08-02,East,Apparel,Jeans,online,4,49.68,198.72
4745,2025-12-23,West,Home,Towel Set,online,9,26.94,242.46
4746,2025-08-29,West,Home,Towel Set,online,8,27.98,223.84
4747,2025-11-05,East,Electronics,Laptop,online,1,868.43,868.43
4748,2025-02-09,West,Apparel,T-Shirt,online,3,17.11,51.33
4749,2025-05-04,South,Home,Blender,online,4,61.53,246.12
4750,2025-07-22,East,Electronics,Headphones,online,0,79.74,0.0
4751,2025-03-27,East,Home,Blender,store,1,58.91,58.91
4752,2025-02-27,South,Electronics,Laptop,online,8,913.66,7309.28
4753,2025-09-06,Midwest,Electronics,Laptop,online,2,916.1,1832.2
4754,2025-08-26,South,Home,Blender,store,4,61.06,244.24
4755,2025-05-12,Northeast,Grocery,Coffee Beans,store,6,14.58,87.48
4756,2025-05-26,South,Grocery,Olive Oil,online,1,11.54,11.54
4757,2025-12-20,West,Home,Lamp,online,6,35.12,210.72
4758,2025-05-11,West,Home,Towel Set,online,4,29.01,116.04
4759,2025-05-25,Northeast,Electronics,Laptop,online,7,869.13,6083.91
4760,2025-12-08,West,Apparel,Jacket,online,9,86.13,775.17
4761,2025-04-30,West,Apparel,T-Shirt,store,6,17.79,106.74
4762,2025-03-17,West,Home,Blender,online,7,56.71,396.97
4763,2025-08-28,South,Home,Towel Set,online,7,27.07,189.49
4764,2025-09-10,West,Electronics,Headphones,store,0,79.04,0.0
4765,2025-08-10,Midwest,Grocery,Olive Oil,online,1,12.54,12.54
4766,2025-04-02,South,Home,Towel Set,store,3,29.05,87.15
4767,2025-08-10,West,Home,Blender,online,5,59.68,298.4
4768,2025-02-12,South,Home,Towel Set,online,1,27.39,27.39
4769,2025-07-04,West,Apparel,T-Shirt,online,1,18.3,18.3
4770,2025-08-18,South,Electronics,Phone Case,store,3,24.0,72.0
4771,2025-10-08,West,Grocery,Pasta,online,15,3.41,51.15
4772,2025-05-09,Northeast,Grocery,Coffee Beans,online,4,14.08,56.32
4773,2025-01-13,Midwest,Apparel,Jacket,store,6,91.94,551.64
4774,2025-09-19,South,Electronics,Laptop,store,8,935.21,7481.68
4775,2025-03-27,Northeast,Grocery,Coffee Beans,online,1,14.07,14.07
4776,2025-03-02,Northeast,Home,Blender,online,2,58.18,116.36
4777,2025-03-22,West,Home,Lamp,online,4,34.75,139.0
4778,2025-07-16,West,Electronics,Headphones,online,0,76.46,0.0
4779,2025-06-11,West,Grocery,Olive Oil,store,8,12.43,99.44
4780,2025-02-09,Midwest,Electronics,Phone Case,store,6,23.45,140.7
4781,2025-08-14,Northeast,Grocery,Coffee Beans,online,5,13.53,67.65
4782,2025-01-29,Northeast,Electronics,Headphones,store,0,79.34,0.0
4783,2025-05-07,Northeast,Electronics,Phone Case,online,2,24.99,49.98
4784,2025-05-21,South,Grocery,Pasta,store,7,3.49,24.43
4785,2025-02-06,South,Home,Lamp,store,2,35.83,71.66
4786,2025-09-05,West,Home,Blender,store,6,58.54,351.24
4787,2025-02-08,Midwest,Grocery,Coffee Beans,online,4,14.54,58.16
4788,2025-10-12,West,Apparel,T-Shirt,store,9,17.91,161.19
4789,2025-08-24,South,Home,Towel Set,online,6,26.77,160.62
4790,2025-11-22,East,Apparel,Jacket,store,6,91.53,549.18
4791,2025-12-29,East,Grocery,Coffee Beans,online,6,13.6,81.6
4792,2025-12-25,West,Home,Towel Set,store,11,26.68,293.48
4793,2025-09-15,Midwest,Home,Towel Set,store,5,28.74,143.7
4794,2025-10-01,West,Home,Towel Set,store,9,27.3,245.7
4795,2025-07-21,South,Home,Towel Set,online,7,28.29,198.03
4796,2025-12-05,East,Home,Lamp,online,4,34.42,137.68
4797,2025-05-01,West,Grocery,Olive Oil,online,2,11.47,22.94
4798,2025-07-30,East,Apparel,T-Shirt,online,3,17.57,52.71
4799,2025-02-17,East,Apparel,Jacket,store,7,86.13,602.91
4800,2025-04-19,Northeast,Grocery,Coffee Beans,online,8,13.57,108.56
4801,2025-01-17,South,Apparel,Jeans,online,5,49.15,245.75
4802,2025-04-15,South,Home,Blender,online,6,56.67,340.02
4803,2025-05-16,South,Apparel,Jacket,store,5,88.8,444.0
4804,2025-03-27,West,Apparel,T-Shirt,store,2,17.78,35.56
4805,2025-07-07,West,Electronics,Laptop,store,8,878.6,7028.8
4806,2025-11-25,South,Grocery,Pasta,online,8,3.53,28.24
4807,2025-03-30,East,Apparel,T-Shirt,store,2,17.77,35.54
4808,2025-07-04,West,Electronics,Headphones,store,0,81.45,0.0
4809,2025-11-30,West,Home,Lamp,store,11,36.34,399.74
4810,2025-05-01,West,Grocery,Olive Oil,online,4,11.71,46.84
4811,2025-02-09,West,Electronics,Laptop,store,5,890.41,4452.05
4812,2025-05-03,Northeast,Grocery,Coffee Beans,store,1,13.59,13.59
4813,2025-11-22,West,Apparel,Jacket,store,15,84.67,1270.05
4814,2025-10-30,West,Electronics,Headphones,store,5,76.96,384.8
4815,2025-11-07,West,Home,Blender,store,7,59.58,417.06
4816,2025-06-23,West,Electronics,Headphones,store,1,75.71,75.71
4817,2025-02-25,South,Electronics,Laptop,online,1,861.37,861.37
4818,2025-01-01,West,Home,Lamp,online,7,35.2,246.4
4819,2025-09-19,East,Electronics,Laptop,online,2,903.87,1807.74
4820,2025-05-16,Northeast,Apparel,T-Shirt,store,8,17.17,137.36
4821,2025-11-13,West,Grocery,Olive Oil,store,9,12.01,108.09
4822,2025-01-17,West,Apparel,T-Shirt,store,3,18.61,55.83
4823,2025-05-12,Midwest,Home,Lamp,online,7,34.11,238.77
4824,2025-02-04,South,Apparel,T-Shirt,store,5,18.43,92.15
4825,2025-08-22,Midwest,Grocery,Coffee Beans,store,3,14.28,42.84
4826,2025-10-31,West,Apparel,Jeans,store,16,47.89,766.24
4827,2025-11-04,East,Grocery,Pasta,store,5,3.33,16.65
4828,2025-11-17,West,Apparel,Jacket,online,7,89.94,629.58
4829,2025-01-03,East,Electronics,Laptop,store,7,941.53,6590.71
4830,2025-01-14,Northeast,Apparel,Jacket,store,7,90.06,630.42
4831,2025-08-06,Northeast,Grocery,Coffee Beans,store,8,13.73,109.84
4832,2025-07-21,West,Grocery,Pasta,online,2,3.6,7.2
4833,2025-01-30,West,Apparel,T-Shirt,store,3,17.4,52.2
4834,2025-07-14,South,Electronics,Phone Case,online,3,24.9,74.7
4835,2025-05-23,South,Electronics,Phone Case,store,4,25.16,100.64
4836,2025-06-14,East,Apparel,T-Shirt,store,8,18.25,146.0
4837,2025-08-21,Northeast,Apparel,T-Shirt,store,7,18.4,128.8
4838,2025-12-16,South,Grocery,Coffee Beans,store,5,14.53,72.65
4839,2025-10-14,South,Home,Lamp,online,6,33.85,203.1
4840,2025-10-10,Midwest,Grocery,Olive Oil,online,8,11.5,92.0
4841,2025-06-16,East,Grocery,Olive Oil,online,7,12.15,85.05
4842,2025-06-17,East,Grocery,Pasta,store,1,3.56,3.56
4843,2025-03-14,West,Home,Towel Set,store,8,27.35,218.8
4844,2025-01-01,West,Apparel,T-Shirt,store,2,18.13,36.26
4845,2025-03-07,Midwest,Apparel,Jeans,store,6,46.66,279.96
4846,2025-02-05,East,Grocery,Pasta,online,5,3.44,17.2
4847,2025-08-02,West,Home,Towel Set,store,1,28.69,28.69
4848,2025-05-19,West,Apparel,T-Shirt,online,4,17.82,71.28
4849,2025-04-15,Midwest,Electronics,Laptop,store,4,901.3,3605.2
4850,2025-08-18,West,Home,Towel Set,store,4,29.13,116.52
4851,2025-12-04,West,Electronics,Headphones,online,7,80.67,564.69
4852,2025-07-16,West,Home,Blender,online,6,56.41,338.46
4853,2025-05-30,Northeast,Apparel,T-Shirt,store,7,18.27,127.89
4854,2025-01-28,West,Home,Blender,online,1,58.83,58.83
4855,2025-03-23,West,Electronics,Phone Case,online,8,25.03,200.24
4856,2025-07-31,Midwest,Grocery,Pasta,online,6,3.62,21.72
4857,2025-08-22,South,Apparel,Jeans,store,1,48.56,48.56
4858,2025-04-17,Northeast,Electronics,Phone Case,store,5,24.73,123.65
4859,2025-04-14,West,Electronics,Laptop,online,4,888.38,3553.52
4860,2025-10-21,West,Home,Blender,online,7,59.22,414.54
4861,2025-12-20,West,Electronics,Laptop,store,7,915.07,6405.49
4862,2025-12-02,South,Electronics,Headphones,online,0,76.18,0.0
4863,2025-08-10,West,Grocery,Coffee Beans,store,2,13.92,27.84
4864,2025-06-13,West,Apparel,Jeans,store,2,47.7,95.4
4865,2025-08-04,Northeast,Home,Towel Set,store,8,28.45,227.6
4866,2025-12-23,Northeast,Grocery,Coffee Beans,online,5,13.54,67.7
4867,2025-01-28,South,Grocery,Coffee Beans,store,1,13.53,13.53
4868,2025-03-22,South,Home,Lamp,store,3,35.94,107.82
4869,2025-07-11,Northeast,Apparel,Jacket,online,5,89.82,449.1
4870,2025-11-05,West,Electronics,Headphones,store,8,79.99,639.92
4871,2025-12-25,South,Grocery,Olive Oil,store,7,12.6,88.2
4872,2025-05-09,East,Home,Towel Set,online,2,26.68,53.36
4873,2025-07-09,West,Home,Towel Set,store,6,27.99,167.94
4874,2025-06-19,West,Electronics,Phone Case,store,6,24.63,147.78
4875,2025-01-24,West,Apparel,Jeans,store,4,50.11,200.44
4876,2025-08-05,South,Electronics,Phone Case,online,1,24.98,24.98
4877,2025-01-30,South,Electronics,Headphones,store,0,82.16,0.0
4878,2025-11-22,South,Grocery,Coffee Beans,online,2,13.45,26.9
4879,2025-04-24,West,Grocery,Olive Oil,online,2,12.36,24.72
4880,2025-07-17,South,Grocery,Pasta,online,5,3.5,17.5
4881,2025-11-28,West,Home,Blender,store,9,58.94,530.46
4882,2025-07-01,Midwest,Grocery,Olive Oil,online,8,11.82,94.56
4883,2025-02-26,South,Grocery,Olive Oil,store,7,11.5,80.5
4884,2025-08-01,Northeast,Apparel,T-Shirt,online,4,17.86,71.44
4885,2025-07-18,West,Apparel,Jacket,store,7,87.34,611.38
4886,2025-03-01,West,Home,Blender,store,4,58.5,234.0
4887,2025-04-06,West,Apparel,T-Shirt,online,7,17.77,124.39
4888,2025-02-04,West,Home,Towel Set,store,8,29.13,233.04
4889,2025-06-09,Midwest,Grocery,Olive Oil,store,7,12.03,84.21
4890,2025-04-12,West,Grocery,Coffee Beans,online,8,13.79,110.32
4891,2025-11-18,West,Home,Lamp,online,13,33.88,440.44
4892,2025-02-10,East,Home,Blender,online,5,56.84,284.2
4893,2025-07-27,West,Electronics,Headphones,store,0,76.66,0.0
4894,2025-11-07,West,Grocery,Coffee Beans,store,8,14.69,117.52
4895,2025-07-05,East,Grocery,Coffee Beans,store,3,14.4,43.2
4896,2025-04-09,West,Home,Lamp,store,6,34.9,209.4
4897,2025-09-09,Midwest,Apparel,T-Shirt,store,1,18.54,18.54
4898,2025-06-02,West,Home,Towel Set,online,1,27.91,27.91
4899,2025-04-22,South,Home,Towel Set,store,7,27.45,192.15
4900,2025-04-16,South,Home,Towel Set,online,7,28.8,201.6
4901,2025-02-11,West,Home,Blender,online,1,60.98,60.98
4902,2025-12-18,Northeast,Apparel,Jacket,store,2,93.15,186.3
4903,2025-10-15,West,Electronics,Phone Case,online,10,23.03,230.3
4904,2025-02-10,Northeast,Electronics,Laptop,store,7,892.16,6245.12
4905,2025-04-28,Northeast,Apparel,Jeans,online,4,48.03,192.12
4906,2025-03-23,South,Apparel,Jeans,online,8,46.52,372.16
4907,2025-11-09,West,Home,Towel Set,store,5,29.37,146.85
4908,2025-09-09,South,Home,Towel Set,online,3,28.45,85.35
4909,2025-12-30,West,Apparel,T-Shirt,store,12,18.82,225.84
4910,2025-08-20,Northeast,Apparel,T-Shirt,online,7,17.2,120.4
4911,2025-09-14,West,Grocery,Coffee Beans,online,7,14.28,99.96
4912,2025-06-18,West,Apparel,Jacket,online,3,89.0,267.0
4913,2025-11-03,East,Home,Blender,online,5,57.99,289.95
4914,2025-10-28,Midwest,Grocery,Pasta,online,2,3.41,6.82
4915,2025-07-29,Midwest,Grocery,Pasta,online,3,3.5,10.5
4916,2025-03-10,Midwest,Electronics,Phone Case,store,1,24.38,24.38
4917,2025-03-09,Northeast,Apparel,Jacket,store,5,86.24,431.2
4918,2025-06-13,Midwest,Grocery,Coffee Beans,online,7,14.59,102.13
4919,2025-06-25,West,Electronics,Phone Case,online,6,24.47,146.82
4920,2025-07-24,Northeast,Home,Blender,online,6,59.38,356.28
4921,2025-10-30,Midwest,Electronics,Laptop,store,8,861.87,6894.96
4922,2025-01-16,West,Apparel,Jacket,online,8,88.2,705.6
4923,2025-10-01,West,Grocery,Coffee Beans,online,5,14.24,71.2
4924,2025-11-21,Northeast,Electronics,Laptop,online,7,855.08,5985.56
4925,2025-07-22,Midwest,Home,Lamp,online,4,36.55,146.2
4926,2025-11-28,West,Apparel,Jeans,online,12,50.34,604.08
4927,2025-08-04,Midwest,Electronics,Phone Case,online,6,23.63,141.78
4928,2025-09-09,East,Grocery,Pasta,store,5,3.34,16.7
4929,2025-07-20,East,Home,Blender,store,1,57.53,57.53
4930,2025-10-30,South,Apparel,Jeans,store,4,49.18,196.72
4931,2025-12-05,West,Apparel,Jacket,store,5,89.3,446.5
4932,2025-06-19,West,Home,Towel Set,online,7,27.78,194.46
4933,2025-03-07,Midwest,Electronics,Phone Case,online,1,24.15,24.15
4934,2025-06-06,West,Electronics,Headphones,store,0,76.01,0.0
4935,2025-08-28,West,Electronics,Laptop,online,1,936.43,936.43
4936,2025-01-18,Northeast,Apparel,Jeans,store,4,47.72,190.88
4937,2025-11-19,West,Grocery,Pasta,online,11,3.62,39.82
4938,2025-11-22,Northeast,Apparel,T-Shirt,online,6,17.29,103.74
4939,2025-10-22,West,Electronics,Phone Case,online,7,23.14,161.98
4940,2025-06-29,Northeast,Apparel,Jacket,online,2,87.74,175.48
4941,2025-02-23,West,Electronics,Laptop,store,1,908.09,908.09
4942,2025-10-23,West,Apparel,T-Shirt,online,15,17.66,264.9
4943,2025-11-16,Northeast,Electronics,Phone Case,online,3,24.62,73.86
4944,2025-05-07,Midwest,Grocery,Pasta,store,1,3.62,3.62
4945,2025-11-20,West,Home,Towel Set,store,6,29.11,174.66
4946,2025-06-08,West,Home,Towel Set,store,8,28.14,225.12
4947,2025-05-27,East,Electronics,Phone Case,online,7,24.03,168.21
4948,2025-05-03,West,Home,Towel Set,store,3,28.58,85.74
4949,2025-07-17,East,Home,Blender,store,5,56.77,283.85
4950,2025-10-14,West,Apparel,T-Shirt,online,5,17.5,87.5
4951,2025-08-29,West,Apparel,Jeans,store,8,47.55,380.4
4952,2025-09-10,West,Home,Towel Set,online,4,28.74,114.96
4953,2025-01-31,Northeast,Grocery,Pasta,store,6,3.42,20.52
4954,2025-09-15,East,Home,Towel Set,online,1,27.19,27.19
4955,2025-07-13,Northeast,Grocery,Coffee Beans,online,8,13.67,109.36
4956,2025-12-06,Midwest,Apparel,Jeans,store,7,45.91,321.37
4957,2025-05-25,Midwest,Grocery,Pasta,store,5,3.36,16.8
4958,2025-06-11,South,Home,Lamp,store,5,35.77,178.85
4959,2025-12-14,Northeast,Home,Lamp,online,1,35.77,35.77
4960,2025-12-29,West,Apparel,T-Shirt,online,14,18.57,259.98
4961,2025-08-10,East,Home,Towel Set,store,8,26.81,214.48
4962,2025-08-08,Midwest,Grocery,Coffee Beans,store,7,13.38,93.66
4963,2025-09-30,West,Home,Towel Set,online,4,29.38,117.52
4964,2025-05-13,West,Home,Lamp,store,7,35.03,245.21
4965,2025-01-27,South,Apparel,Jeans,online,4,48.9,195.6
4966,2025-10-04,East,Apparel,Jacket,store,6,85.78,514.68
4967,2025-08-20,West,Electronics,Headphones,store,2,80.76,161.52
4968,2025-07-26,Northeast,Electronics,Phone Case,online,5,24.73,123.65
4969,2025-12-13,East,Grocery,Coffee Beans,store,7,13.45,94.15
4970,2025-03-24,Northeast,Grocery,Olive Oil,store,5,12.55,62.75
4971,2025-09-04,East,Home,Towel Set,store,6,26.67,160.02
4972,2025-11-30,Midwest,Grocery,Olive Oil,online,2,11.9,23.8
4973,2025-10-20,East,Electronics,Phone Case,online,5,23.23,116.15
4974,2025-02-16,East,Home,Blender,online,7,61.17,428.19
4975,2025-04-05,Northeast,Apparel,Jacket,online,6,92.66,555.96
4976,2025-05-21,South,Electronics,Phone Case,online,4,23.56,94.24
4977,2025-02-13,West,Electronics,Laptop,store,1,890.22,890.22
4978,2025-04-14,East,Home,Lamp,store,5,33.92,169.6
4979,2025-11-10,West,Grocery,Olive Oil,store,8,11.83,94.64
4980,2025-09-15,Midwest,Home,Blender,online,6,56.92,341.52
4981,2025-01-31,East,Grocery,Olive Oil,store,4,11.86,47.44
4982,2025-06-02,West,Home,Blender,online,6,59.45,356.7
4983,2025-10-06,West,Apparel,Jeans,store,10,50.08,500.8
4984,2025-04-18,West,Home,Blender,online,5,61.08,305.4
4985,2025-07-18,West,Grocery,Coffee Beans,store,3,14.65,43.95
4986,2025-09-21,East,Home,Towel Set,store,1,27.47,27.47
4987,2025-09-21,South,Grocery,Pasta,online,7,3.55,24.85
4988,2025-05-03,East,Electronics,Laptop,online,2,859.54,1719.08
4989,2025-07-18,Midwest,Grocery,Coffee Beans,online,6,14.03,84.18
4990,2025-06-12,South,Electronics,Phone Case,store,7,23.89,167.23
4991,2025-03-19,West,Apparel,T-Shirt,online,5,18.24,91.2
4992,2025-09-27,West,Grocery,Olive Oil,store,1,12.3,12.3
4993,2025-04-04,West,Apparel,Jeans,online,8,48.66,389.28
4994,2025-05-15,South,Home,Towel Set,online,7,29.15,204.05
4995,2025-03-10,South,Electronics,Laptop,store,8,889.01,7112.08
4996,2025-10-07,South,Grocery,Coffee Beans,online,7,14.57,101.99
4997,2025-06-28,West,Home,Towel Set,store,4,27.03,108.12
4998,2025-09-26,South,Apparel,Jacket,store,1,92.09,92.09
4999,2025-08-24,West,Electronics,Phone Case,online,3,24.45,73.35
5000,2025-11-12,West,Home,Blender,online,7,61.89,433.23
